term,frequency,source,validation_status,category,notes
rais,754,masakhaner,known,occupation,Extracted from MasakhaNER Swahili (PER contexts)
mkuu,405,masakhaner,needs_validation,occupation,Extracted from MasakhaNER Swahili (PER contexts)
marekani,387,masakhaner,needs_validation,occupation,Extracted from MasakhaNER Swahili (PER contexts)
mwaka,267,masakhaner,needs_validation,occupation,Extracted from MasakhaNER Swahili (PER contexts)
waziri,260,masakhaner,known,occupation,Extracted from MasakhaNER Swahili (PER contexts)
miaka,185,masakhaner,needs_validation,occupation,Extracted from MasakhaNER Swahili (PER contexts)
moja,142,masakhaner,needs_validation,occupation,Extracted from MasakhaNER Swahili (PER contexts)
madarakani,137,masakhaner,needs_validation,occupation,Extracted from MasakhaNER Swahili (PER contexts)
polisi,131,masakhaner,known,occupation,Extracted from MasakhaNER Swahili (PER contexts)
mara,122,masakhaner,needs_validation,occupation,Extracted from MasakhaNER Swahili (PER contexts)
museveni,120,masakhaner,needs_validation,occupation,Extracted from MasakhaNER Swahili (PER contexts)
muda,119,masakhaner,needs_validation,occupation,Extracted from MasakhaNER Swahili (PER contexts)
maafisa,112,masakhaner,needs_validation,occupation,Extracted from MasakhaNER Swahili (PER contexts)
mambo,111,masakhaner,needs_validation,occupation,Extracted from MasakhaNER Swahili (PER contexts)
mjini,110,masakhaner,needs_validation,occupation,Extracted from MasakhaNER Swahili (PER contexts)
mkutano,108,masakhaner,needs_validation,occupation,Extracted from MasakhaNER Swahili (PER contexts)
mataifa,106,masakhaner,needs_validation,occupation,Extracted from MasakhaNER Swahili (PER contexts)
mwezi,105,masakhaner,needs_validation,occupation,Extracted from MasakhaNER Swahili (PER contexts)
mgombea,86,masakhaner,needs_validation,occupation,Extracted from MasakhaNER Swahili (PER contexts)
msemaji,82,masakhaner,needs_validation,occupation,Extracted from MasakhaNER Swahili (PER contexts)
mpya,82,masakhaner,needs_validation,occupation,Extracted from MasakhaNER Swahili (PER contexts)
mwenye,75,masakhaner,needs_validation,occupation,Extracted from MasakhaNER Swahili (PER contexts)
maandamano,75,masakhaner,needs_validation,occupation,Extracted from MasakhaNER Swahili (PER contexts)
magufuli,75,masakhaner,needs_validation,occupation,Extracted from MasakhaNER Swahili (PER contexts)
mahakama,74,masakhaner,needs_validation,occupation,Extracted from MasakhaNER Swahili (PER contexts)
mkubwa,73,masakhaner,needs_validation,occupation,Extracted from MasakhaNER Swahili (PER contexts)
mmoja,72,masakhaner,needs_validation,occupation,Extracted from MasakhaNER Swahili (PER contexts)
mazungumzo,72,masakhaner,needs_validation,occupation,Extracted from MasakhaNER Swahili (PER contexts)
mbili,66,masakhaner,needs_validation,occupation,Extracted from MasakhaNER Swahili (PER contexts)
mkono,66,masakhaner,needs_validation,occupation,Extracted from MasakhaNER Swahili (PER contexts)
muhimu,57,masakhaner,needs_validation,occupation,Extracted from MasakhaNER Swahili (PER contexts)
mkurugenzi,56,masakhaner,known,occupation,Extracted from MasakhaNER Swahili (PER contexts)
mashariki,54,masakhaner,needs_validation,occupation,Extracted from MasakhaNER Swahili (PER contexts)
makamu,54,masakhaner,needs_validation,occupation,Extracted from MasakhaNER Swahili (PER contexts)
mohamed,51,masakhaner,needs_validation,occupation,Extracted from MasakhaNER Swahili (PER contexts)
mpango,51,masakhaner,needs_validation,occupation,Extracted from MasakhaNER Swahili (PER contexts)
mauaji,51,masakhaner,needs_validation,occupation,Extracted from MasakhaNER Swahili (PER contexts)
miongoni,50,masakhaner,needs_validation,occupation,Extracted from MasakhaNER Swahili (PER contexts)
mwenyekiti,49,masakhaner,needs_validation,occupation,Extracted from MasakhaNER Swahili (PER contexts)
maarufu,47,masakhaner,needs_validation,occupation,Extracted from MasakhaNER Swahili (PER contexts)
mabadiliko,45,masakhaner,needs_validation,occupation,Extracted from MasakhaNER Swahili (PER contexts)
mashambulizi,45,masakhaner,needs_validation,occupation,Extracted from MasakhaNER Swahili (PER contexts)
mrefu,45,masakhaner,needs_validation,occupation,Extracted from MasakhaNER Swahili (PER contexts)
mashtaka,45,masakhaner,needs_validation,occupation,Extracted from MasakhaNER Swahili (PER contexts)
mujibu,44,masakhaner,needs_validation,occupation,Extracted from MasakhaNER Swahili (PER contexts)
maalum,42,masakhaner,needs_validation,occupation,Extracted from MasakhaNER Swahili (PER contexts)
maisha,42,masakhaner,needs_validation,occupation,Extracted from MasakhaNER Swahili (PER contexts)
makubaliano,42,masakhaner,needs_validation,occupation,Extracted from MasakhaNER Swahili (PER contexts)
milioni,41,masakhaner,needs_validation,occupation,Extracted from MasakhaNER Swahili (PER contexts)
madai,39,masakhaner,needs_validation,occupation,Extracted from MasakhaNER Swahili (PER contexts)
madaraka,39,masakhaner,needs_validation,occupation,Extracted from MasakhaNER Swahili (PER contexts)
msaada,38,masakhaner,needs_validation,occupation,Extracted from MasakhaNER Swahili (PER contexts)
mkataba,38,masakhaner,needs_validation,occupation,Extracted from MasakhaNER Swahili (PER contexts)
mapema,38,masakhaner,needs_validation,occupation,Extracted from MasakhaNER Swahili (PER contexts)
mapigano,38,masakhaner,needs_validation,occupation,Extracted from MasakhaNER Swahili (PER contexts)
makundi,38,masakhaner,needs_validation,occupation,Extracted from MasakhaNER Swahili (PER contexts)
muungano,38,masakhaner,needs_validation,occupation,Extracted from MasakhaNER Swahili (PER contexts)
mbele,37,masakhaner,needs_validation,occupation,Extracted from MasakhaNER Swahili (PER contexts)
makubwa,37,masakhaner,needs_validation,occupation,Extracted from MasakhaNER Swahili (PER contexts)
muhula,36,masakhaner,needs_validation,occupation,Extracted from MasakhaNER Swahili (PER contexts)
magharibi,36,masakhaner,needs_validation,occupation,Extracted from MasakhaNER Swahili (PER contexts)
matibabu,35,masakhaner,needs_validation,occupation,Extracted from MasakhaNER Swahili (PER contexts)
masuala,35,masakhaner,needs_validation,occupation,Extracted from MasakhaNER Swahili (PER contexts)
matokeo,35,masakhaner,needs_validation,occupation,Extracted from MasakhaNER Swahili (PER contexts)
mbali,35,masakhaner,needs_validation,occupation,Extracted from MasakhaNER Swahili (PER contexts)
mtandao,34,masakhaner,needs_validation,occupation,Extracted from MasakhaNER Swahili (PER contexts)
mapinduzi,33,masakhaner,needs_validation,occupation,Extracted from MasakhaNER Swahili (PER contexts)
mazingira,32,masakhaner,needs_validation,occupation,Extracted from MasakhaNER Swahili (PER contexts)
mali,32,masakhaner,needs_validation,occupation,Extracted from MasakhaNER Swahili (PER contexts)
mawaziri,32,masakhaner,needs_validation,occupation,Extracted from MasakhaNER Swahili (PER contexts)
mwisho,31,masakhaner,needs_validation,occupation,Extracted from MasakhaNER Swahili (PER contexts)
maeneo,30,masakhaner,needs_validation,occupation,Extracted from MasakhaNER Swahili (PER contexts)
majimbo,29,masakhaner,needs_validation,occupation,Extracted from MasakhaNER Swahili (PER contexts)
mwandishi,28,masakhaner,known,occupation,Extracted from MasakhaNER Swahili (PER contexts)
miezi,28,masakhaner,needs_validation,occupation,Extracted from MasakhaNER Swahili (PER contexts)
mhula,28,masakhaner,needs_validation,occupation,Extracted from MasakhaNER Swahili (PER contexts)
maambukizi,28,masakhaner,needs_validation,occupation,Extracted from MasakhaNER Swahili (PER contexts)
mpito,28,masakhaner,needs_validation,occupation,Extracted from MasakhaNER Swahili (PER contexts)
mwingine,27,masakhaner,needs_validation,occupation,Extracted from MasakhaNER Swahili (PER contexts)
mkapa,26,masakhaner,needs_validation,occupation,Extracted from MasakhaNER Swahili (PER contexts)
mkoa,25,masakhaner,needs_validation,occupation,Extracted from MasakhaNER Swahili (PER contexts)
macron,25,masakhaner,needs_validation,occupation,Extracted from MasakhaNER Swahili (PER contexts)
mnamo,24,masakhaner,needs_validation,occupation,Extracted from MasakhaNER Swahili (PER contexts)
mamlaka,24,masakhaner,needs_validation,occupation,Extracted from MasakhaNER Swahili (PER contexts)
mwishoni,24,masakhaner,needs_validation,occupation,Extracted from MasakhaNER Swahili (PER contexts)
mbaya,23,masakhaner,needs_validation,occupation,Extracted from MasakhaNER Swahili (PER contexts)
mshindi,23,masakhaner,needs_validation,occupation,Extracted from MasakhaNER Swahili (PER contexts)
mipango,23,masakhaner,needs_validation,occupation,Extracted from MasakhaNER Swahili (PER contexts)
miwili,23,masakhaner,needs_validation,occupation,Extracted from MasakhaNER Swahili (PER contexts)
mteule,23,masakhaner,needs_validation,occupation,Extracted from MasakhaNER Swahili (PER contexts)
maoni,23,masakhaner,needs_validation,occupation,Extracted from MasakhaNER Swahili (PER contexts)
mwanamke,23,masakhaner,needs_validation,occupation,Extracted from MasakhaNER Swahili (PER contexts)
makazi,23,masakhaner,needs_validation,occupation,Extracted from MasakhaNER Swahili (PER contexts)
misri,23,masakhaner,needs_validation,occupation,Extracted from MasakhaNER Swahili (PER contexts)
maelfu,22,masakhaner,needs_validation,occupation,Extracted from MasakhaNER Swahili (PER contexts)
maendeleo,22,masakhaner,needs_validation,occupation,Extracted from MasakhaNER Swahili (PER contexts)
mike,22,masakhaner,needs_validation,occupation,Extracted from MasakhaNER Swahili (PER contexts)
makao,22,masakhaner,needs_validation,occupation,Extracted from MasakhaNER Swahili (PER contexts)
matatizo,22,masakhaner,needs_validation,occupation,Extracted from MasakhaNER Swahili (PER contexts)
mzozo,22,masakhaner,needs_validation,occupation,Extracted from MasakhaNER Swahili (PER contexts)
masharti,22,masakhaner,needs_validation,occupation,Extracted from MasakhaNER Swahili (PER contexts)
mwalimu,22,masakhaner,known,occupation,Extracted from MasakhaNER Swahili (PER contexts)
msingi,21,masakhaner,needs_validation,occupation,Extracted from MasakhaNER Swahili (PER contexts)
mikutano,21,masakhaner,needs_validation,occupation,Extracted from MasakhaNER Swahili (PER contexts)
mchakato,20,masakhaner,needs_validation,occupation,Extracted from MasakhaNER Swahili (PER contexts)
mkali,20,masakhaner,needs_validation,occupation,Extracted from MasakhaNER Swahili (PER contexts)
mbalimbali,20,masakhaner,needs_validation,occupation,Extracted from MasakhaNER Swahili (PER contexts)
marufuku,20,masakhaner,needs_validation,occupation,Extracted from MasakhaNER Swahili (PER contexts)
mawasiliano,19,masakhaner,needs_validation,occupation,Extracted from MasakhaNER Swahili (PER contexts)
matumaini,19,masakhaner,needs_validation,occupation,Extracted from MasakhaNER Swahili (PER contexts)
mawili,19,masakhaner,needs_validation,occupation,Extracted from MasakhaNER Swahili (PER contexts)
mengine,19,masakhaner,needs_validation,occupation,Extracted from MasakhaNER Swahili (PER contexts)
madaktari,18,masakhaner,needs_validation,occupation,Extracted from MasakhaNER Swahili (PER contexts)
mfupi,18,masakhaner,needs_validation,occupation,Extracted from MasakhaNER Swahili (PER contexts)
msimamo,18,masakhaner,needs_validation,occupation,Extracted from MasakhaNER Swahili (PER contexts)
mpaka,18,masakhaner,needs_validation,occupation,Extracted from MasakhaNER Swahili (PER contexts)
mwanasiasa,18,masakhaner,needs_validation,occupation,Extracted from MasakhaNER Swahili (PER contexts)
mafuta,17,masakhaner,needs_validation,occupation,Extracted from MasakhaNER Swahili (PER contexts)
mgogoro,17,masakhaner,needs_validation,occupation,Extracted from MasakhaNER Swahili (PER contexts)
msumbiji,17,masakhaner,needs_validation,occupation,Extracted from MasakhaNER Swahili (PER contexts)
mfalme,17,masakhaner,needs_validation,occupation,Extracted from MasakhaNER Swahili (PER contexts)
mitandao,16,masakhaner,needs_validation,occupation,Extracted from MasakhaNER Swahili (PER contexts)
mahakamani,16,masakhaner,needs_validation,occupation,Extracted from MasakhaNER Swahili (PER contexts)
mweusi,16,masakhaner,needs_validation,occupation,Extracted from MasakhaNER Swahili (PER contexts)
mwanasheria,16,masakhaner,known,occupation,Extracted from MasakhaNER Swahili (PER contexts)
maamuzi,16,masakhaner,needs_validation,occupation,Extracted from MasakhaNER Swahili (PER contexts)
marekebisho,16,masakhaner,needs_validation,occupation,Extracted from MasakhaNER Swahili (PER contexts)
mashirika,15,masakhaner,needs_validation,occupation,Extracted from MasakhaNER Swahili (PER contexts)
matumizi,15,masakhaner,needs_validation,occupation,Extracted from MasakhaNER Swahili (PER contexts)
marehemu,15,masakhaner,needs_validation,occupation,Extracted from MasakhaNER Swahili (PER contexts)
mawakili,15,masakhaner,needs_validation,occupation,Extracted from MasakhaNER Swahili (PER contexts)
mohammed,15,masakhaner,needs_validation,occupation,Extracted from MasakhaNER Swahili (PER contexts)
mitatu,14,masakhaner,needs_validation,occupation,Extracted from MasakhaNER Swahili (PER contexts)
mbunge,14,masakhaner,known,occupation,Extracted from MasakhaNER Swahili (PER contexts)
matamshi,14,masakhaner,needs_validation,occupation,Extracted from MasakhaNER Swahili (PER contexts)
minne,14,masakhaner,needs_validation,occupation,Extracted from MasakhaNER Swahili (PER contexts)
mvutano,14,masakhaner,needs_validation,occupation,Extracted from MasakhaNER Swahili (PER contexts)
mpinzani,14,masakhaner,needs_validation,occupation,Extracted from MasakhaNER Swahili (PER contexts)
mfumo,14,masakhaner,needs_validation,occupation,Extracted from MasakhaNER Swahili (PER contexts)
mageuzi,14,masakhaner,needs_validation,occupation,Extracted from MasakhaNER Swahili (PER contexts)
majadiliano,14,masakhaner,needs_validation,occupation,Extracted from MasakhaNER Swahili (PER contexts)
mjumbe,13,masakhaner,needs_validation,occupation,Extracted from MasakhaNER Swahili (PER contexts)
mmarekani,13,masakhaner,needs_validation,occupation,Extracted from MasakhaNER Swahili (PER contexts)
majukumu,13,masakhaner,needs_validation,occupation,Extracted from MasakhaNER Swahili (PER contexts)
mstaafu,13,masakhaner,needs_validation,occupation,Extracted from MasakhaNER Swahili (PER contexts)
mahojiano,13,masakhaner,needs_validation,occupation,Extracted from MasakhaNER Swahili (PER contexts)
makuu,13,masakhaner,needs_validation,occupation,Extracted from MasakhaNER Swahili (PER contexts)
mbinu,13,masakhaner,needs_validation,occupation,Extracted from MasakhaNER Swahili (PER contexts)
mwinyi,13,masakhaner,needs_validation,occupation,Extracted from MasakhaNER Swahili (PER contexts)
mlipuko,13,masakhaner,needs_validation,occupation,Extracted from MasakhaNER Swahili (PER contexts)
mapendekezo,12,masakhaner,needs_validation,occupation,Extracted from MasakhaNER Swahili (PER contexts)
mtendaji,12,masakhaner,needs_validation,occupation,Extracted from MasakhaNER Swahili (PER contexts)
mchana,12,masakhaner,needs_validation,occupation,Extracted from MasakhaNER Swahili (PER contexts)
mabaya,12,masakhaner,needs_validation,occupation,Extracted from MasakhaNER Swahili (PER contexts)
misaada,12,masakhaner,needs_validation,occupation,Extracted from MasakhaNER Swahili (PER contexts)
majaji,12,masakhaner,needs_validation,occupation,Extracted from MasakhaNER Swahili (PER contexts)
mswaada,11,masakhaner,needs_validation,occupation,Extracted from MasakhaNER Swahili (PER contexts)
mwanzoni,11,masakhaner,needs_validation,occupation,Extracted from MasakhaNER Swahili (PER contexts)
mashuhuri,11,masakhaner,needs_validation,occupation,Extracted from MasakhaNER Swahili (PER contexts)
maana,11,masakhaner,needs_validation,occupation,Extracted from MasakhaNER Swahili (PER contexts)
mwenza,11,masakhaner,needs_validation,occupation,Extracted from MasakhaNER Swahili (PER contexts)
meya,11,masakhaner,needs_validation,occupation,Extracted from MasakhaNER Swahili (PER contexts)
mapambano,11,masakhaner,needs_validation,occupation,Extracted from MasakhaNER Swahili (PER contexts)
majeshi,11,masakhaner,needs_validation,occupation,Extracted from MasakhaNER Swahili (PER contexts)
maslahi,11,masakhaner,needs_validation,occupation,Extracted from MasakhaNER Swahili (PER contexts)
mwakilishi,11,masakhaner,needs_validation,occupation,Extracted from MasakhaNER Swahili (PER contexts)
mengi,11,masakhaner,needs_validation,occupation,Extracted from MasakhaNER Swahili (PER contexts)
madini,11,masakhaner,needs_validation,occupation,Extracted from MasakhaNER Swahili (PER contexts)
msamaha,11,masakhaner,needs_validation,occupation,Extracted from MasakhaNER Swahili (PER contexts)
moeti,11,masakhaner,needs_validation,occupation,Extracted from MasakhaNER Swahili (PER contexts)
maalim,11,masakhaner,needs_validation,occupation,Extracted from MasakhaNER Swahili (PER contexts)
makamishna,11,masakhaner,needs_validation,occupation,Extracted from MasakhaNER Swahili (PER contexts)
makosa,10,masakhaner,needs_validation,occupation,Extracted from MasakhaNER Swahili (PER contexts)
malalamiko,10,masakhaner,needs_validation,occupation,Extracted from MasakhaNER Swahili (PER contexts)
mdogo,10,masakhaner,needs_validation,occupation,Extracted from MasakhaNER Swahili (PER contexts)
moyo,10,masakhaner,needs_validation,occupation,Extracted from MasakhaNER Swahili (PER contexts)
mungu,10,masakhaner,needs_validation,occupation,Extracted from MasakhaNER Swahili (PER contexts)
mkewe,10,masakhaner,needs_validation,occupation,Extracted from MasakhaNER Swahili (PER contexts)
malengo,10,masakhaner,needs_validation,occupation,Extracted from MasakhaNER Swahili (PER contexts)
mwanachama,10,masakhaner,needs_validation,occupation,Extracted from MasakhaNER Swahili (PER contexts)
myanmar,10,masakhaner,needs_validation,occupation,Extracted from MasakhaNER Swahili (PER contexts)
maelezo,10,masakhaner,needs_validation,occupation,Extracted from MasakhaNER Swahili (PER contexts)
maombi,10,masakhaner,needs_validation,occupation,Extracted from MasakhaNER Swahili (PER contexts)
misa,10,masakhaner,needs_validation,occupation,Extracted from MasakhaNER Swahili (PER contexts)
mshirika,10,masakhaner,needs_validation,occupation,Extracted from MasakhaNER Swahili (PER contexts)
mafunzo,10,masakhaner,needs_validation,occupation,Extracted from MasakhaNER Swahili (PER contexts)
mirembe,10,masakhaner,needs_validation,occupation,Extracted from MasakhaNER Swahili (PER contexts)
mogadishu,9,masakhaner,needs_validation,occupation,Extracted from MasakhaNER Swahili (PER contexts)
mivutano,9,masakhaner,needs_validation,occupation,Extracted from MasakhaNER Swahili (PER contexts)
daktari,9,masakhaner,known,occupation,Extracted from MasakhaNER Swahili (PER contexts)
mazishi,9,masakhaner,needs_validation,occupation,Extracted from MasakhaNER Swahili (PER contexts)
mafanikio,9,masakhaner,needs_validation,occupation,Extracted from MasakhaNER Swahili (PER contexts)
mkazi,9,masakhaner,needs_validation,occupation,Extracted from MasakhaNER Swahili (PER contexts)
mwenyewe,9,masakhaner,needs_validation,occupation,Extracted from MasakhaNER Swahili (PER contexts)
majibu,9,masakhaner,needs_validation,occupation,Extracted from MasakhaNER Swahili (PER contexts)
profesa,9,masakhaner,known,occupation,Extracted from MasakhaNER Swahili (PER contexts)
muhammadu,9,masakhaner,needs_validation,occupation,Extracted from MasakhaNER Swahili (PER contexts)
mitano,9,masakhaner,needs_validation,occupation,Extracted from MasakhaNER Swahili (PER contexts)
mwenyeji,9,masakhaner,needs_validation,occupation,Extracted from MasakhaNER Swahili (PER contexts)
mwendesha,9,masakhaner,needs_validation,occupation,Extracted from MasakhaNER Swahili (PER contexts)
media,9,masakhaner,needs_validation,occupation,Extracted from MasakhaNER Swahili (PER contexts)
matshidiso,9,masakhaner,needs_validation,occupation,Extracted from MasakhaNER Swahili (PER contexts)
mapya,9,masakhaner,needs_validation,occupation,Extracted from MasakhaNER Swahili (PER contexts)
mwenzake,9,masakhaner,needs_validation,occupation,Extracted from MasakhaNER Swahili (PER contexts)
maji,9,masakhaner,needs_validation,occupation,Extracted from MasakhaNER Swahili (PER contexts)
mikakati,8,masakhaner,needs_validation,occupation,Extracted from MasakhaNER Swahili (PER contexts)
mitaa,8,masakhaner,needs_validation,occupation,Extracted from MasakhaNER Swahili (PER contexts)
mrengo,8,masakhaner,needs_validation,occupation,Extracted from MasakhaNER Swahili (PER contexts)
mitihani,8,masakhaner,needs_validation,occupation,Extracted from MasakhaNER Swahili (PER contexts)
minneapolis,8,masakhaner,needs_validation,occupation,Extracted from MasakhaNER Swahili (PER contexts)
tajiri,8,masakhaner,known,occupation,Extracted from MasakhaNER Swahili (PER contexts)
miji,8,masakhaner,needs_validation,occupation,Extracted from MasakhaNER Swahili (PER contexts)
mtangulizi,8,masakhaner,needs_validation,occupation,Extracted from MasakhaNER Swahili (PER contexts)
maswala,8,masakhaner,needs_validation,occupation,Extracted from MasakhaNER Swahili (PER contexts)
millioni,8,masakhaner,needs_validation,occupation,Extracted from MasakhaNER Swahili (PER contexts)
maseneta,8,masakhaner,needs_validation,occupation,Extracted from MasakhaNER Swahili (PER contexts)
machafuko,8,masakhaner,needs_validation,occupation,Extracted from MasakhaNER Swahili (PER contexts)
miongo,8,masakhaner,needs_validation,occupation,Extracted from MasakhaNER Swahili (PER contexts)
mshauri,8,masakhaner,needs_validation,occupation,Extracted from MasakhaNER Swahili (PER contexts)
movement,8,masakhaner,needs_validation,occupation,Extracted from MasakhaNER Swahili (PER contexts)
mwanamuziki,8,masakhaner,needs_validation,occupation,Extracted from MasakhaNER Swahili (PER contexts)
mashitaka,8,masakhaner,needs_validation,occupation,Extracted from MasakhaNER Swahili (PER contexts)
musene,8,masakhaner,needs_validation,occupation,Extracted from MasakhaNER Swahili (PER contexts)
mawazo,7,masakhaner,needs_validation,occupation,Extracted from MasakhaNER Swahili (PER contexts)
mahusiano,7,masakhaner,needs_validation,occupation,Extracted from MasakhaNER Swahili (PER contexts)
mamilioni,7,masakhaner,needs_validation,occupation,Extracted from MasakhaNER Swahili (PER contexts)
mamia,7,masakhaner,needs_validation,occupation,Extracted from MasakhaNER Swahili (PER contexts)
mwana,7,masakhaner,needs_validation,occupation,Extracted from MasakhaNER Swahili (PER contexts)
mzuri,7,masakhaner,needs_validation,occupation,Extracted from MasakhaNER Swahili (PER contexts)
miradi,7,masakhaner,needs_validation,occupation,Extracted from MasakhaNER Swahili (PER contexts)
mcconnell,7,masakhaner,needs_validation,occupation,Extracted from MasakhaNER Swahili (PER contexts)
matukio,7,masakhaner,needs_validation,occupation,Extracted from MasakhaNER Swahili (PER contexts)
momanyi,7,masakhaner,needs_validation,occupation,Extracted from MasakhaNER Swahili (PER contexts)
mikataba,7,masakhaner,needs_validation,occupation,Extracted from MasakhaNER Swahili (PER contexts)
muhanga,7,masakhaner,needs_validation,occupation,Extracted from MasakhaNER Swahili (PER contexts)
mahali,7,masakhaner,needs_validation,occupation,Extracted from MasakhaNER Swahili (PER contexts)
maswali,7,masakhaner,needs_validation,occupation,Extracted from MasakhaNER Swahili (PER contexts)
makam,7,masakhaner,needs_validation,occupation,Extracted from MasakhaNER Swahili (PER contexts)
manyanyaso,7,masakhaner,needs_validation,occupation,Extracted from MasakhaNER Swahili (PER contexts)
majina,7,masakhaner,needs_validation,occupation,Extracted from MasakhaNER Swahili (PER contexts)
mjadala,7,masakhaner,needs_validation,occupation,Extracted from MasakhaNER Swahili (PER contexts)
moto,7,masakhaner,needs_validation,occupation,Extracted from MasakhaNER Swahili (PER contexts)
makonda,7,masakhaner,needs_validation,occupation,Extracted from MasakhaNER Swahili (PER contexts)
martin,6,masakhaner,needs_validation,occupation,Extracted from MasakhaNER Swahili (PER contexts)
mwendo,6,masakhaner,needs_validation,occupation,Extracted from MasakhaNER Swahili (PER contexts)
majeraha,6,masakhaner,needs_validation,occupation,Extracted from MasakhaNER Swahili (PER contexts)
maziko,6,masakhaner,needs_validation,occupation,Extracted from MasakhaNER Swahili (PER contexts)
mfululizo,6,masakhaner,needs_validation,occupation,Extracted from MasakhaNER Swahili (PER contexts)
mapato,6,masakhaner,needs_validation,occupation,Extracted from MasakhaNER Swahili (PER contexts)
makali,6,masakhaner,needs_validation,occupation,Extracted from MasakhaNER Swahili (PER contexts)
mitch,6,masakhaner,needs_validation,occupation,Extracted from MasakhaNER Swahili (PER contexts)
mingi,6,masakhaner,needs_validation,occupation,Extracted from MasakhaNER Swahili (PER contexts)
mwengine,6,masakhaner,needs_validation,occupation,Extracted from MasakhaNER Swahili (PER contexts)
mechi,6,masakhaner,needs_validation,occupation,Extracted from MasakhaNER Swahili (PER contexts)
mahama,6,masakhaner,needs_validation,occupation,Extracted from MasakhaNER Swahili (PER contexts)
maas,6,masakhaner,needs_validation,occupation,Extracted from MasakhaNER Swahili (PER contexts)
mahamat,6,masakhaner,needs_validation,occupation,Extracted from MasakhaNER Swahili (PER contexts)
mashauriano,6,masakhaner,needs_validation,occupation,Extracted from MasakhaNER Swahili (PER contexts)
membe,6,masakhaner,needs_validation,occupation,Extracted from MasakhaNER Swahili (PER contexts)
matakwa,6,masakhaner,needs_validation,occupation,Extracted from MasakhaNER Swahili (PER contexts)
mihula,6,masakhaner,needs_validation,occupation,Extracted from MasakhaNER Swahili (PER contexts)
marais,6,masakhaner,needs_validation,occupation,Extracted from MasakhaNER Swahili (PER contexts)
mstari,6,masakhaner,needs_validation,occupation,Extracted from MasakhaNER Swahili (PER contexts)
mchungaji,6,masakhaner,needs_validation,occupation,Extracted from MasakhaNER Swahili (PER contexts)
mnyika,6,masakhaner,needs_validation,occupation,Extracted from MasakhaNER Swahili (PER contexts)
maadhimisho,6,masakhaner,needs_validation,occupation,Extracted from MasakhaNER Swahili (PER contexts)
mtihani,6,masakhaner,needs_validation,occupation,Extracted from MasakhaNER Swahili (PER contexts)
mhadhiri,6,masakhaner,known,occupation,Extracted from MasakhaNER Swahili (PER contexts)
mark,6,masakhaner,needs_validation,occupation,Extracted from MasakhaNER Swahili (PER contexts)
magonjwa,6,masakhaner,needs_validation,occupation,Extracted from MasakhaNER Swahili (PER contexts)
mwanafunzi,6,masakhaner,needs_validation,occupation,Extracted from MasakhaNER Swahili (PER contexts)
muntu,6,masakhaner,needs_validation,occupation,Extracted from MasakhaNER Swahili (PER contexts)
mchambuzi,6,masakhaner,needs_validation,occupation,Extracted from MasakhaNER Swahili (PER contexts)
majaribio,6,masakhaner,needs_validation,occupation,Extracted from MasakhaNER Swahili (PER contexts)
magavana,6,masakhaner,needs_validation,occupation,Extracted from MasakhaNER Swahili (PER contexts)
msimamizi,6,masakhaner,needs_validation,occupation,Extracted from MasakhaNER Swahili (PER contexts)
malipo,6,masakhaner,needs_validation,occupation,Extracted from MasakhaNER Swahili (PER contexts)
matangazo,6,masakhaner,needs_validation,occupation,Extracted from MasakhaNER Swahili (PER contexts)
mwanadiplomasia,6,masakhaner,needs_validation,occupation,Extracted from MasakhaNER Swahili (PER contexts)
mguu,6,masakhaner,needs_validation,occupation,Extracted from MasakhaNER Swahili (PER contexts)
muhoozi,6,masakhaner,needs_validation,occupation,Extracted from MasakhaNER Swahili (PER contexts)
maambukizo,6,masakhaner,needs_validation,occupation,Extracted from MasakhaNER Swahili (PER contexts)
mshikamano,6,masakhaner,needs_validation,occupation,Extracted from MasakhaNER Swahili (PER contexts)
miller,6,masakhaner,needs_validation,occupation,Extracted from MasakhaNER Swahili (PER contexts)
mume,5,masakhaner,needs_validation,occupation,Extracted from MasakhaNER Swahili (PER contexts)
malkia,5,masakhaner,needs_validation,occupation,Extracted from MasakhaNER Swahili (PER contexts)
maagizo,5,masakhaner,needs_validation,occupation,Extracted from MasakhaNER Swahili (PER contexts)
mhandisi,5,masakhaner,known,occupation,Extracted from MasakhaNER Swahili (PER contexts)
mwema,5,masakhaner,needs_validation,occupation,Extracted from MasakhaNER Swahili (PER contexts)
malawi,5,masakhaner,needs_validation,occupation,Extracted from MasakhaNER Swahili (PER contexts)
mbadala,5,masakhaner,needs_validation,occupation,Extracted from MasakhaNER Swahili (PER contexts)
mradi,5,masakhaner,needs_validation,occupation,Extracted from MasakhaNER Swahili (PER contexts)
makampuni,5,masakhaner,needs_validation,occupation,Extracted from MasakhaNER Swahili (PER contexts)
mlinzi,5,masakhaner,needs_validation,occupation,Extracted from MasakhaNER Swahili (PER contexts)
mtoto,5,masakhaner,needs_validation,occupation,Extracted from MasakhaNER Swahili (PER contexts)
magaidi,5,masakhaner,needs_validation,occupation,Extracted from MasakhaNER Swahili (PER contexts)
mwanaharakati,5,masakhaner,known,occupation,Extracted from MasakhaNER Swahili (PER contexts)
msiba,5,masakhaner,needs_validation,occupation,Extracted from MasakhaNER Swahili (PER contexts)
majengo,5,masakhaner,needs_validation,occupation,Extracted from MasakhaNER Swahili (PER contexts)
mshindani,5,masakhaner,needs_validation,occupation,Extracted from MasakhaNER Swahili (PER contexts)
mrithi,5,masakhaner,needs_validation,occupation,Extracted from MasakhaNER Swahili (PER contexts)
mashambulio,5,masakhaner,needs_validation,occupation,Extracted from MasakhaNER Swahili (PER contexts)
mchango,5,masakhaner,needs_validation,occupation,Extracted from MasakhaNER Swahili (PER contexts)
mratibu,5,masakhaner,needs_validation,occupation,Extracted from MasakhaNER Swahili (PER contexts)
mgeni,5,masakhaner,needs_validation,occupation,Extracted from MasakhaNER Swahili (PER contexts)
mwito,5,masakhaner,needs_validation,occupation,Extracted from MasakhaNER Swahili (PER contexts)
mkakati,5,masakhaner,needs_validation,occupation,Extracted from MasakhaNER Swahili (PER contexts)
maryland,5,masakhaner,needs_validation,occupation,Extracted from MasakhaNER Swahili (PER contexts)
mkoani,5,masakhaner,needs_validation,occupation,Extracted from MasakhaNER Swahili (PER contexts)
makabiliano,5,masakhaner,needs_validation,occupation,Extracted from MasakhaNER Swahili (PER contexts)
makabila,5,masakhaner,needs_validation,occupation,Extracted from MasakhaNER Swahili (PER contexts)
maumivu,5,masakhaner,needs_validation,occupation,Extracted from MasakhaNER Swahili (PER contexts)
morocco,5,masakhaner,needs_validation,occupation,Extracted from MasakhaNER Swahili (PER contexts)
mugisha,5,masakhaner,needs_validation,occupation,Extracted from MasakhaNER Swahili (PER contexts)
msako,5,masakhaner,needs_validation,occupation,Extracted from MasakhaNER Swahili (PER contexts)
marshall,5,masakhaner,needs_validation,occupation,Extracted from MasakhaNER Swahili (PER contexts)
mizozo,5,masakhaner,needs_validation,occupation,Extracted from MasakhaNER Swahili (PER contexts)
makamanda,5,masakhaner,needs_validation,occupation,Extracted from MasakhaNER Swahili (PER contexts)
majira,5,masakhaner,needs_validation,occupation,Extracted from MasakhaNER Swahili (PER contexts)
mimi,5,masakhaner,needs_validation,occupation,Extracted from MasakhaNER Swahili (PER contexts)
meja,5,masakhaner,needs_validation,occupation,Extracted from MasakhaNER Swahili (PER contexts)
mahitaji,5,masakhaner,needs_validation,occupation,Extracted from MasakhaNER Swahili (PER contexts)
michael,5,masakhaner,needs_validation,occupation,Extracted from MasakhaNER Swahili (PER contexts)
moscow,5,masakhaner,needs_validation,occupation,Extracted from MasakhaNER Swahili (PER contexts)
mikono,5,masakhaner,needs_validation,occupation,Extracted from MasakhaNER Swahili (PER contexts)
masomo,5,masakhaner,needs_validation,occupation,Extracted from MasakhaNER Swahili (PER contexts)
muongozo,5,masakhaner,needs_validation,occupation,Extracted from MasakhaNER Swahili (PER contexts)
mwandamizi,4,masakhaner,needs_validation,occupation,Extracted from MasakhaNER Swahili (PER contexts)
mimba,4,masakhaner,needs_validation,occupation,Extracted from MasakhaNER Swahili (PER contexts)
mchezaji,4,masakhaner,needs_validation,occupation,Extracted from MasakhaNER Swahili (PER contexts)
mpira,4,masakhaner,needs_validation,occupation,Extracted from MasakhaNER Swahili (PER contexts)
mtetezi,4,masakhaner,needs_validation,occupation,Extracted from MasakhaNER Swahili (PER contexts)
mfanyabiashara,4,masakhaner,known,occupation,Extracted from MasakhaNER Swahili (PER contexts)
mikoa,4,masakhaner,needs_validation,occupation,Extracted from MasakhaNER Swahili (PER contexts)
majonzi,4,masakhaner,needs_validation,occupation,Extracted from MasakhaNER Swahili (PER contexts)
mmiliki,4,masakhaner,needs_validation,occupation,Extracted from MasakhaNER Swahili (PER contexts)
medali,4,masakhaner,needs_validation,occupation,Extracted from MasakhaNER Swahili (PER contexts)
michel,4,masakhaner,needs_validation,occupation,Extracted from MasakhaNER Swahili (PER contexts)
muasisi,4,masakhaner,needs_validation,occupation,Extracted from MasakhaNER Swahili (PER contexts)
minnesota,4,masakhaner,needs_validation,occupation,Extracted from MasakhaNER Swahili (PER contexts)
mikononi,4,masakhaner,needs_validation,occupation,Extracted from MasakhaNER Swahili (PER contexts)
mabomu,4,masakhaner,needs_validation,occupation,Extracted from MasakhaNER Swahili (PER contexts)
maandishi,4,masakhaner,needs_validation,occupation,Extracted from MasakhaNER Swahili (PER contexts)
masikitiko,4,masakhaner,needs_validation,occupation,Extracted from MasakhaNER Swahili (PER contexts)
masisi,4,masakhaner,needs_validation,occupation,Extracted from MasakhaNER Swahili (PER contexts)
michezo,4,masakhaner,needs_validation,occupation,Extracted from MasakhaNER Swahili (PER contexts)
modi,4,masakhaner,needs_validation,occupation,Extracted from MasakhaNER Swahili (PER contexts)
mashahidi,4,masakhaner,needs_validation,occupation,Extracted from MasakhaNER Swahili (PER contexts)
mbowe,4,masakhaner,needs_validation,occupation,Extracted from MasakhaNER Swahili (PER contexts)
mohamud,4,masakhaner,needs_validation,occupation,Extracted from MasakhaNER Swahili (PER contexts)
mahera,4,masakhaner,needs_validation,occupation,Extracted from MasakhaNER Swahili (PER contexts)
maina,4,masakhaner,needs_validation,occupation,Extracted from MasakhaNER Swahili (PER contexts)
michigan,4,masakhaner,needs_validation,occupation,Extracted from MasakhaNER Swahili (PER contexts)
mamluki,4,masakhaner,needs_validation,occupation,Extracted from MasakhaNER Swahili (PER contexts)
mabaki,4,masakhaner,needs_validation,occupation,Extracted from MasakhaNER Swahili (PER contexts)
makanisa,4,masakhaner,needs_validation,occupation,Extracted from MasakhaNER Swahili (PER contexts)
msigwa,4,masakhaner,needs_validation,occupation,Extracted from MasakhaNER Swahili (PER contexts)
mbeya,4,masakhaner,needs_validation,occupation,Extracted from MasakhaNER Swahili (PER contexts)
mdee,4,masakhaner,needs_validation,occupation,Extracted from MasakhaNER Swahili (PER contexts)
mkosoaji,4,masakhaner,needs_validation,occupation,Extracted from MasakhaNER Swahili (PER contexts)
muammar,4,masakhaner,needs_validation,occupation,Extracted from MasakhaNER Swahili (PER contexts)
mfano,4,masakhaner,needs_validation,occupation,Extracted from MasakhaNER Swahili (PER contexts)
mwanzo,4,masakhaner,needs_validation,occupation,Extracted from MasakhaNER Swahili (PER contexts)
mamlakani,4,masakhaner,needs_validation,occupation,Extracted from MasakhaNER Swahili (PER contexts)
milango,4,masakhaner,needs_validation,occupation,Extracted from MasakhaNER Swahili (PER contexts)
marc,4,masakhaner,needs_validation,occupation,Extracted from MasakhaNER Swahili (PER contexts)
machar,4,masakhaner,needs_validation,occupation,Extracted from MasakhaNER Swahili (PER contexts)
mtayarishaji,4,masakhaner,needs_validation,occupation,Extracted from MasakhaNER Swahili (PER contexts)
maskini,4,masakhaner,known,occupation,Extracted from MasakhaNER Swahili (PER contexts)
mfereji,4,masakhaner,needs_validation,occupation,Extracted from MasakhaNER Swahili (PER contexts)
michelle,4,masakhaner,needs_validation,occupation,Extracted from MasakhaNER Swahili (PER contexts)
mexico,4,masakhaner,needs_validation,occupation,Extracted from MasakhaNER Swahili (PER contexts)
mkurungezi,4,masakhaner,needs_validation,occupation,Extracted from MasakhaNER Swahili (PER contexts)
melania,4,masakhaner,needs_validation,occupation,Extracted from MasakhaNER Swahili (PER contexts)
mtawala,4,masakhaner,needs_validation,occupation,Extracted from MasakhaNER Swahili (PER contexts)
mutahi,4,masakhaner,needs_validation,occupation,Extracted from MasakhaNER Swahili (PER contexts)
mzungu,4,masakhaner,needs_validation,occupation,Extracted from MasakhaNER Swahili (PER contexts)
mipaka,4,masakhaner,needs_validation,occupation,Extracted from MasakhaNER Swahili (PER contexts)
miundombinu,4,masakhaner,needs_validation,occupation,Extracted from MasakhaNER Swahili (PER contexts)
mfuko,4,masakhaner,needs_validation,occupation,Extracted from MasakhaNER Swahili (PER contexts)
matatu,4,masakhaner,needs_validation,occupation,Extracted from MasakhaNER Swahili (PER contexts)
mahmoud,4,masakhaner,needs_validation,occupation,Extracted from MasakhaNER Swahili (PER contexts)
mgonjwa,4,masakhaner,needs_validation,occupation,Extracted from MasakhaNER Swahili (PER contexts)
mema,4,masakhaner,needs_validation,occupation,Extracted from MasakhaNER Swahili (PER contexts)
manusura,4,masakhaner,needs_validation,occupation,Extracted from MasakhaNER Swahili (PER contexts)
mukiibi,4,masakhaner,needs_validation,occupation,Extracted from MasakhaNER Swahili (PER contexts)
machozi,4,masakhaner,needs_validation,occupation,Extracted from MasakhaNER Swahili (PER contexts)
mombasa,4,masakhaner,needs_validation,occupation,Extracted from MasakhaNER Swahili (PER contexts)
majambazi,4,masakhaner,needs_validation,occupation,Extracted from MasakhaNER Swahili (PER contexts)
mafuriko,4,masakhaner,needs_validation,occupation,Extracted from MasakhaNER Swahili (PER contexts)
mondale,4,masakhaner,needs_validation,occupation,Extracted from MasakhaNER Swahili (PER contexts)
margaret,4,masakhaner,needs_validation,occupation,Extracted from MasakhaNER Swahili (PER contexts)
mojawapo,4,masakhaner,needs_validation,occupation,Extracted from MasakhaNER Swahili (PER contexts)
mooki,4,masakhaner,needs_validation,occupation,Extracted from MasakhaNER Swahili (PER contexts)
majaliwa,4,masakhaner,needs_validation,occupation,Extracted from MasakhaNER Swahili (PER contexts)
mikubwa,4,masakhaner,needs_validation,occupation,Extracted from MasakhaNER Swahili (PER contexts)
mbabazi,4,masakhaner,needs_validation,occupation,Extracted from MasakhaNER Swahili (PER contexts)
mzee,4,masakhaner,needs_validation,occupation,Extracted from MasakhaNER Swahili (PER contexts)
mbolea,4,masakhaner,needs_validation,occupation,Extracted from MasakhaNER Swahili (PER contexts)
mahala,3,masakhaner,needs_validation,occupation,Extracted from MasakhaNER Swahili (PER contexts)
mukwege,3,masakhaner,needs_validation,occupation,Extracted from MasakhaNER Swahili (PER contexts)
mtaa,3,masakhaner,needs_validation,occupation,Extracted from MasakhaNER Swahili (PER contexts)
miguu,3,masakhaner,needs_validation,occupation,Extracted from MasakhaNER Swahili (PER contexts)
mishahara,3,masakhaner,needs_validation,occupation,Extracted from MasakhaNER Swahili (PER contexts)
mtandaoni,3,masakhaner,needs_validation,occupation,Extracted from MasakhaNER Swahili (PER contexts)
mkaguzi,3,masakhaner,needs_validation,occupation,Extracted from MasakhaNER Swahili (PER contexts)
mifumo,3,masakhaner,needs_validation,occupation,Extracted from MasakhaNER Swahili (PER contexts)
mwanamme,3,masakhaner,needs_validation,occupation,Extracted from MasakhaNER Swahili (PER contexts)
mwake,3,masakhaner,needs_validation,occupation,Extracted from MasakhaNER Swahili (PER contexts)
askari,3,masakhaner,known,occupation,Extracted from MasakhaNER Swahili (PER contexts)
mtaalamu,3,masakhaner,needs_validation,occupation,Extracted from MasakhaNER Swahili (PER contexts)
mystics,3,masakhaner,needs_validation,occupation,Extracted from MasakhaNER Swahili (PER contexts)
muhammad,3,masakhaner,needs_validation,occupation,Extracted from MasakhaNER Swahili (PER contexts)
macho,3,masakhaner,needs_validation,occupation,Extracted from MasakhaNER Swahili (PER contexts)
misingi,3,masakhaner,needs_validation,occupation,Extracted from MasakhaNER Swahili (PER contexts)
moussa,3,masakhaner,needs_validation,occupation,Extracted from MasakhaNER Swahili (PER contexts)
milwaukee,3,masakhaner,needs_validation,occupation,Extracted from MasakhaNER Swahili (PER contexts)
merrick,3,masakhaner,needs_validation,occupation,Extracted from MasakhaNER Swahili (PER contexts)
mpatanishi,3,masakhaner,needs_validation,occupation,Extracted from MasakhaNER Swahili (PER contexts)
mzima,3,masakhaner,needs_validation,occupation,Extracted from MasakhaNER Swahili (PER contexts)
machi,3,masakhaner,needs_validation,occupation,Extracted from MasakhaNER Swahili (PER contexts)
mshtuko,3,masakhaner,needs_validation,occupation,Extracted from MasakhaNER Swahili (PER contexts)
msaidizi,3,masakhaner,needs_validation,occupation,Extracted from MasakhaNER Swahili (PER contexts)
mzigo,3,masakhaner,needs_validation,occupation,Extracted from MasakhaNER Swahili (PER contexts)
mansour,3,masakhaner,needs_validation,occupation,Extracted from MasakhaNER Swahili (PER contexts)
mbilinyi,3,masakhaner,needs_validation,occupation,Extracted from MasakhaNER Swahili (PER contexts)
mdemokrat,3,masakhaner,needs_validation,occupation,Extracted from MasakhaNER Swahili (PER contexts)
maradhi,3,masakhaner,needs_validation,occupation,Extracted from MasakhaNER Swahili (PER contexts)
mkamiti,3,masakhaner,needs_validation,occupation,Extracted from MasakhaNER Swahili (PER contexts)
melchoir,3,masakhaner,needs_validation,occupation,Extracted from MasakhaNER Swahili (PER contexts)
mekonnen,3,masakhaner,needs_validation,occupation,Extracted from MasakhaNER Swahili (PER contexts)
mrepublikan,3,masakhaner,needs_validation,occupation,Extracted from MasakhaNER Swahili (PER contexts)
mgahawa,3,masakhaner,needs_validation,occupation,Extracted from MasakhaNER Swahili (PER contexts)
maafa,3,masakhaner,needs_validation,occupation,Extracted from MasakhaNER Swahili (PER contexts)
mashujaa,3,masakhaner,needs_validation,occupation,Extracted from MasakhaNER Swahili (PER contexts)
mapenzi,3,masakhaner,needs_validation,occupation,Extracted from MasakhaNER Swahili (PER contexts)
mabaraza,3,masakhaner,needs_validation,occupation,Extracted from MasakhaNER Swahili (PER contexts)
mwanza,3,masakhaner,needs_validation,occupation,Extracted from MasakhaNER Swahili (PER contexts)
mwigulu,3,masakhaner,needs_validation,occupation,Extracted from MasakhaNER Swahili (PER contexts)
makadirio,3,masakhaner,needs_validation,occupation,Extracted from MasakhaNER Swahili (PER contexts)
mkazo,3,masakhaner,needs_validation,occupation,Extracted from MasakhaNER Swahili (PER contexts)
mahamadou,3,masakhaner,needs_validation,occupation,Extracted from MasakhaNER Swahili (PER contexts)
mohandes,3,masakhaner,needs_validation,occupation,Extracted from MasakhaNER Swahili (PER contexts)
mtakatifu,3,masakhaner,needs_validation,occupation,Extracted from MasakhaNER Swahili (PER contexts)
melchior,3,masakhaner,needs_validation,occupation,Extracted from MasakhaNER Swahili (PER contexts)
matt,3,masakhaner,needs_validation,occupation,Extracted from MasakhaNER Swahili (PER contexts)
makusudi,3,masakhaner,needs_validation,occupation,Extracted from MasakhaNER Swahili (PER contexts)
manuel,3,masakhaner,needs_validation,occupation,Extracted from MasakhaNER Swahili (PER contexts)
msongamano,3,masakhaner,needs_validation,occupation,Extracted from MasakhaNER Swahili (PER contexts)
majanga,3,masakhaner,needs_validation,occupation,Extracted from MasakhaNER Swahili (PER contexts)
makasisi,3,masakhaner,needs_validation,occupation,Extracted from MasakhaNER Swahili (PER contexts)
mwili,3,masakhaner,needs_validation,occupation,Extracted from MasakhaNER Swahili (PER contexts)
mazuri,3,masakhaner,needs_validation,occupation,Extracted from MasakhaNER Swahili (PER contexts)
malezi,3,masakhaner,needs_validation,occupation,Extracted from MasakhaNER Swahili (PER contexts)
msafara,3,masakhaner,needs_validation,occupation,Extracted from MasakhaNER Swahili (PER contexts)
maneno,3,masakhaner,needs_validation,occupation,Extracted from MasakhaNER Swahili (PER contexts)
march,3,masakhaner,needs_validation,occupation,Extracted from MasakhaNER Swahili (PER contexts)
mandela,3,masakhaner,needs_validation,occupation,Extracted from MasakhaNER Swahili (PER contexts)
magari,3,masakhaner,needs_validation,occupation,Extracted from MasakhaNER Swahili (PER contexts)
mwachanya,3,masakhaner,needs_validation,occupation,Extracted from MasakhaNER Swahili (PER contexts)
mabalozi,3,masakhaner,needs_validation,occupation,Extracted from MasakhaNER Swahili (PER contexts)
mshambuliaji,3,masakhaner,needs_validation,occupation,Extracted from MasakhaNER Swahili (PER contexts)
majeruhi,3,masakhaner,needs_validation,occupation,Extracted from MasakhaNER Swahili (PER contexts)
mama,3,masakhaner,needs_validation,occupation,Extracted from MasakhaNER Swahili (PER contexts)
mapumziko,3,masakhaner,needs_validation,occupation,Extracted from MasakhaNER Swahili (PER contexts)
manufaa,3,masakhaner,needs_validation,occupation,Extracted from MasakhaNER Swahili (PER contexts)
mugabe,3,masakhaner,needs_validation,occupation,Extracted from MasakhaNER Swahili (PER contexts)
mnangagwa,3,masakhaner,needs_validation,occupation,Extracted from MasakhaNER Swahili (PER contexts)
manane,3,masakhaner,needs_validation,occupation,Extracted from MasakhaNER Swahili (PER contexts)
malami,3,masakhaner,needs_validation,occupation,Extracted from MasakhaNER Swahili (PER contexts)
menendez,3,masakhaner,needs_validation,occupation,Extracted from MasakhaNER Swahili (PER contexts)
matiang'i,3,masakhaner,needs_validation,occupation,Extracted from MasakhaNER Swahili (PER contexts)
merkel,3,masakhaner,needs_validation,occupation,Extracted from MasakhaNER Swahili (PER contexts)
meghan,3,masakhaner,needs_validation,occupation,Extracted from MasakhaNER Swahili (PER contexts)
mugoya,3,masakhaner,needs_validation,occupation,Extracted from MasakhaNER Swahili (PER contexts)
monitor,2,masakhaner,needs_validation,occupation,Extracted from MasakhaNER Swahili (PER contexts)
mcheza,2,masakhaner,needs_validation,occupation,Extracted from MasakhaNER Swahili (PER contexts)
mnuchin,2,masakhaner,needs_validation,occupation,Extracted from MasakhaNER Swahili (PER contexts)
muafaka,2,masakhaner,needs_validation,occupation,Extracted from MasakhaNER Swahili (PER contexts)
mitima,2,masakhaner,needs_validation,occupation,Extracted from MasakhaNER Swahili (PER contexts)
makombora,2,masakhaner,needs_validation,occupation,Extracted from MasakhaNER Swahili (PER contexts)
mchanganyiko,2,masakhaner,needs_validation,occupation,Extracted from MasakhaNER Swahili (PER contexts)
mdhibiti,2,masakhaner,needs_validation,occupation,Extracted from MasakhaNER Swahili (PER contexts)
mary,2,masakhaner,needs_validation,occupation,Extracted from MasakhaNER Swahili (PER contexts)
mahututi,2,masakhaner,needs_validation,occupation,Extracted from MasakhaNER Swahili (PER contexts)
majumba,2,masakhaner,needs_validation,occupation,Extracted from MasakhaNER Swahili (PER contexts)
malumbano,2,masakhaner,needs_validation,occupation,Extracted from MasakhaNER Swahili (PER contexts)
mzito,2,masakhaner,needs_validation,occupation,Extracted from MasakhaNER Swahili (PER contexts)
mhanga,2,masakhaner,needs_validation,occupation,Extracted from MasakhaNER Swahili (PER contexts)
madhara,2,masakhaner,needs_validation,occupation,Extracted from MasakhaNER Swahili (PER contexts)
mchezo,2,masakhaner,needs_validation,occupation,Extracted from MasakhaNER Swahili (PER contexts)
michuano,2,masakhaner,needs_validation,occupation,Extracted from MasakhaNER Swahili (PER contexts)
mgongoni,2,masakhaner,needs_validation,occupation,Extracted from MasakhaNER Swahili (PER contexts)
mfanyakazi,2,masakhaner,needs_validation,occupation,Extracted from MasakhaNER Swahili (PER contexts)
masud,2,masakhaner,needs_validation,occupation,Extracted from MasakhaNER Swahili (PER contexts)
mkondo,2,masakhaner,needs_validation,occupation,Extracted from MasakhaNER Swahili (PER contexts)
mifano,2,masakhaner,needs_validation,occupation,Extracted from MasakhaNER Swahili (PER contexts)
mnara,2,masakhaner,needs_validation,occupation,Extracted from MasakhaNER Swahili (PER contexts)
mokgweetsi,2,masakhaner,needs_validation,occupation,Extracted from MasakhaNER Swahili (PER contexts)
misimamo,2,masakhaner,needs_validation,occupation,Extracted from MasakhaNER Swahili (PER contexts)
mgawanyiko,2,masakhaner,needs_validation,occupation,Extracted from MasakhaNER Swahili (PER contexts)
mkongwe,2,masakhaner,needs_validation,occupation,Extracted from MasakhaNER Swahili (PER contexts)
malaria,2,masakhaner,needs_validation,occupation,Extracted from MasakhaNER Swahili (PER contexts)
mtwara,2,masakhaner,needs_validation,occupation,Extracted from MasakhaNER Swahili (PER contexts)
mheshimiwa,2,masakhaner,needs_validation,occupation,Extracted from MasakhaNER Swahili (PER contexts)
mihimili,2,masakhaner,needs_validation,occupation,Extracted from MasakhaNER Swahili (PER contexts)
muingereza,2,masakhaner,needs_validation,occupation,Extracted from MasakhaNER Swahili (PER contexts)
mwafrika,2,masakhaner,needs_validation,occupation,Extracted from MasakhaNER Swahili (PER contexts)
masoko,2,masakhaner,needs_validation,occupation,Extracted from MasakhaNER Swahili (PER contexts)
maimai,2,masakhaner,needs_validation,occupation,Extracted from MasakhaNER Swahili (PER contexts)
machachari,2,masakhaner,needs_validation,occupation,Extracted from MasakhaNER Swahili (PER contexts)
migodi,2,masakhaner,needs_validation,occupation,Extracted from MasakhaNER Swahili (PER contexts)
magumu,2,masakhaner,needs_validation,occupation,Extracted from MasakhaNER Swahili (PER contexts)
meshesha,2,masakhaner,needs_validation,occupation,Extracted from MasakhaNER Swahili (PER contexts)
majenerali,2,masakhaner,needs_validation,occupation,Extracted from MasakhaNER Swahili (PER contexts)
mtazamo,2,masakhaner,needs_validation,occupation,Extracted from MasakhaNER Swahili (PER contexts)
muandamizi,2,masakhaner,needs_validation,occupation,Extracted from MasakhaNER Swahili (PER contexts)
makwao,2,masakhaner,needs_validation,occupation,Extracted from MasakhaNER Swahili (PER contexts)
maduka,2,masakhaner,needs_validation,occupation,Extracted from MasakhaNER Swahili (PER contexts)
mwaafaka,2,masakhaner,needs_validation,occupation,Extracted from MasakhaNER Swahili (PER contexts)
mosi,2,masakhaner,needs_validation,occupation,Extracted from MasakhaNER Swahili (PER contexts)
marudio,2,masakhaner,needs_validation,occupation,Extracted from MasakhaNER Swahili (PER contexts)
masaa,2,masakhaner,needs_validation,occupation,Extracted from MasakhaNER Swahili (PER contexts)
madirisha,2,masakhaner,needs_validation,occupation,Extracted from MasakhaNER Swahili (PER contexts)
mpishi,2,masakhaner,needs_validation,occupation,Extracted from MasakhaNER Swahili (PER contexts)
mashindano,2,masakhaner,needs_validation,occupation,Extracted from MasakhaNER Swahili (PER contexts)
mtafiti,2,masakhaner,needs_validation,occupation,Extracted from MasakhaNER Swahili (PER contexts)
machine,2,masakhaner,needs_validation,occupation,Extracted from MasakhaNER Swahili (PER contexts)
mwanzilishi,2,masakhaner,needs_validation,occupation,Extracted from MasakhaNER Swahili (PER contexts)
mwanajeshi,2,masakhaner,needs_validation,occupation,Extracted from MasakhaNER Swahili (PER contexts)
muzeyi,2,masakhaner,needs_validation,occupation,Extracted from MasakhaNER Swahili (PER contexts)
mstakabal,2,masakhaner,needs_validation,occupation,Extracted from MasakhaNER Swahili (PER contexts)
meli,2,masakhaner,needs_validation,occupation,Extracted from MasakhaNER Swahili (PER contexts)
mahamoud,2,masakhaner,needs_validation,occupation,Extracted from MasakhaNER Swahili (PER contexts)
muundo,2,masakhaner,needs_validation,occupation,Extracted from MasakhaNER Swahili (PER contexts)
msikiti,2,masakhaner,needs_validation,occupation,Extracted from MasakhaNER Swahili (PER contexts)
majumbani,2,masakhaner,needs_validation,occupation,Extracted from MasakhaNER Swahili (PER contexts)
mwao,2,masakhaner,needs_validation,occupation,Extracted from MasakhaNER Swahili (PER contexts)
mpana,2,masakhaner,needs_validation,occupation,Extracted from MasakhaNER Swahili (PER contexts)
maiga,2,masakhaner,needs_validation,occupation,Extracted from MasakhaNER Swahili (PER contexts)
muriel,2,masakhaner,needs_validation,occupation,Extracted from MasakhaNER Swahili (PER contexts)
mingine,2,masakhaner,needs_validation,occupation,Extracted from MasakhaNER Swahili (PER contexts)
mohammad,2,masakhaner,needs_validation,occupation,Extracted from MasakhaNER Swahili (PER contexts)
muyita,2,masakhaner,needs_validation,occupation,Extracted from MasakhaNER Swahili (PER contexts)
mchumi,2,masakhaner,needs_validation,occupation,Extracted from MasakhaNER Swahili (PER contexts)
mauwaji,2,masakhaner,needs_validation,occupation,Extracted from MasakhaNER Swahili (PER contexts)
mahamane,2,masakhaner,needs_validation,occupation,Extracted from MasakhaNER Swahili (PER contexts)
mulamula,2,masakhaner,needs_validation,occupation,Extracted from MasakhaNER Swahili (PER contexts)
manne,2,masakhaner,needs_validation,occupation,Extracted from MasakhaNER Swahili (PER contexts)
moammar,2,masakhaner,needs_validation,occupation,Extracted from MasakhaNER Swahili (PER contexts)
madawa,2,masakhaner,needs_validation,occupation,Extracted from MasakhaNER Swahili (PER contexts)
manase,2,masakhaner,needs_validation,occupation,Extracted from MasakhaNER Swahili (PER contexts)
mtangazaji,2,masakhaner,needs_validation,occupation,Extracted from MasakhaNER Swahili (PER contexts)
mashataka,2,masakhaner,needs_validation,occupation,Extracted from MasakhaNER Swahili (PER contexts)
mwita,2,masakhaner,needs_validation,occupation,Extracted from MasakhaNER Swahili (PER contexts)
mayrose,2,masakhaner,needs_validation,occupation,Extracted from MasakhaNER Swahili (PER contexts)
mgongo,2,masakhaner,needs_validation,occupation,Extracted from MasakhaNER Swahili (PER contexts)
moses,2,masakhaner,needs_validation,occupation,Extracted from MasakhaNER Swahili (PER contexts)
mumewe,2,masakhaner,needs_validation,occupation,Extracted from MasakhaNER Swahili (PER contexts)
masaka,2,masakhaner,needs_validation,occupation,Extracted from MasakhaNER Swahili (PER contexts)
mikopo,2,masakhaner,needs_validation,occupation,Extracted from MasakhaNER Swahili (PER contexts)
madarasani,2,masakhaner,needs_validation,occupation,Extracted from MasakhaNER Swahili (PER contexts)
melnick,2,masakhaner,needs_validation,occupation,Extracted from MasakhaNER Swahili (PER contexts)
mpakani,2,masakhaner,needs_validation,occupation,Extracted from MasakhaNER Swahili (PER contexts)
msimu,2,masakhaner,needs_validation,occupation,Extracted from MasakhaNER Swahili (PER contexts)
mararo,2,masakhaner,needs_validation,occupation,Extracted from MasakhaNER Swahili (PER contexts)
maombolezo,2,masakhaner,needs_validation,occupation,Extracted from MasakhaNER Swahili (PER contexts)
mwingi,2,masakhaner,needs_validation,occupation,Extracted from MasakhaNER Swahili (PER contexts)
mwanafamilia,2,masakhaner,needs_validation,occupation,Extracted from MasakhaNER Swahili (PER contexts)
manaibu,2,masakhaner,needs_validation,occupation,Extracted from MasakhaNER Swahili (PER contexts)
madhubuti,2,masakhaner,needs_validation,occupation,Extracted from MasakhaNER Swahili (PER contexts)
dereva,2,masakhaner,known,occupation,Extracted from MasakhaNER Swahili (PER contexts)
molu,2,masakhaner,needs_validation,occupation,Extracted from MasakhaNER Swahili (PER contexts)
muturi,2,masakhaner,needs_validation,occupation,Extracted from MasakhaNER Swahili (PER contexts)
mtaalam,2,masakhaner,needs_validation,occupation,Extracted from MasakhaNER Swahili (PER contexts)
mswada,2,masakhaner,needs_validation,occupation,Extracted from MasakhaNER Swahili (PER contexts)
milipuko,2,masakhaner,needs_validation,occupation,Extracted from MasakhaNER Swahili (PER contexts)
mwanasayansi,2,masakhaner,needs_validation,occupation,Extracted from MasakhaNER Swahili (PER contexts)
maadui,2,masakhaner,needs_validation,occupation,Extracted from MasakhaNER Swahili (PER contexts)
mwangi,2,masakhaner,needs_validation,occupation,Extracted from MasakhaNER Swahili (PER contexts)
mtayarishi,2,masakhaner,needs_validation,occupation,Extracted from MasakhaNER Swahili (PER contexts)
muimbaji,2,masakhaner,needs_validation,occupation,Extracted from MasakhaNER Swahili (PER contexts)
mustakbali,2,masakhaner,needs_validation,occupation,Extracted from MasakhaNER Swahili (PER contexts)
miili,2,masakhaner,needs_validation,occupation,Extracted from MasakhaNER Swahili (PER contexts)
mwimbaji,2,masakhaner,needs_validation,occupation,Extracted from MasakhaNER Swahili (PER contexts)
magenge,2,masakhaner,needs_validation,occupation,Extracted from MasakhaNER Swahili (PER contexts)
matunda,2,masakhaner,needs_validation,occupation,Extracted from MasakhaNER Swahili (PER contexts)
mubarak,2,masakhaner,needs_validation,occupation,Extracted from MasakhaNER Swahili (PER contexts)
moghaddam,2,masakhaner,needs_validation,occupation,Extracted from MasakhaNER Swahili (PER contexts)
maksudi,2,masakhaner,needs_validation,occupation,Extracted from MasakhaNER Swahili (PER contexts)
mathuki,2,masakhaner,needs_validation,occupation,Extracted from MasakhaNER Swahili (PER contexts)
maelekezo,2,masakhaner,needs_validation,occupation,Extracted from MasakhaNER Swahili (PER contexts)
morogoro,2,masakhaner,needs_validation,occupation,Extracted from MasakhaNER Swahili (PER contexts)
muscat,2,masakhaner,needs_validation,occupation,Extracted from MasakhaNER Swahili (PER contexts)
mateso,2,masakhaner,needs_validation,occupation,Extracted from MasakhaNER Swahili (PER contexts)
msukumo,2,masakhaner,needs_validation,occupation,Extracted from MasakhaNER Swahili (PER contexts)
malivika,2,masakhaner,needs_validation,occupation,Extracted from MasakhaNER Swahili (PER contexts)
mtajuta,2,masakhaner,needs_validation,occupation,Extracted from MasakhaNER Swahili (PER contexts)
mubajje,2,masakhaner,needs_validation,occupation,Extracted from MasakhaNER Swahili (PER contexts)
mahere,2,masakhaner,needs_validation,occupation,Extracted from MasakhaNER Swahili (PER contexts)
mayala,2,masakhaner,needs_validation,occupation,Extracted from MasakhaNER Swahili (PER contexts)
minnikhanov,2,masakhaner,needs_validation,occupation,Extracted from MasakhaNER Swahili (PER contexts)
muuaji,2,masakhaner,needs_validation,occupation,Extracted from MasakhaNER Swahili (PER contexts)
musa,2,masakhaner,needs_validation,occupation,Extracted from MasakhaNER Swahili (PER contexts)
miundo,2,masakhaner,needs_validation,occupation,Extracted from MasakhaNER Swahili (PER contexts)
magoha,2,masakhaner,needs_validation,occupation,Extracted from MasakhaNER Swahili (PER contexts)
masheikh,2,masakhaner,needs_validation,occupation,Extracted from MasakhaNER Swahili (PER contexts)
msellem,2,masakhaner,needs_validation,occupation,Extracted from MasakhaNER Swahili (PER contexts)
magazeti,2,masakhaner,needs_validation,occupation,Extracted from MasakhaNER Swahili (PER contexts)
mikusanyiko,2,masakhaner,needs_validation,occupation,Extracted from MasakhaNER Swahili (PER contexts)
mustafa,2,masakhaner,needs_validation,occupation,Extracted from MasakhaNER Swahili (PER contexts)
marafiki,2,masakhaner,needs_validation,occupation,Extracted from MasakhaNER Swahili (PER contexts)
mshahara,2,masakhaner,needs_validation,occupation,Extracted from MasakhaNER Swahili (PER contexts)
masiyiwa,2,masakhaner,needs_validation,occupation,Extracted from MasakhaNER Swahili (PER contexts)
maadili,2,masakhaner,needs_validation,occupation,Extracted from MasakhaNER Swahili (PER contexts)
murphy,2,masakhaner,needs_validation,occupation,Extracted from MasakhaNER Swahili (PER contexts)
mwanaye,2,masakhaner,needs_validation,occupation,Extracted from MasakhaNER Swahili (PER contexts)
misitu,2,masakhaner,needs_validation,occupation,Extracted from MasakhaNER Swahili (PER contexts)
mkokoteni,2,masakhaner,needs_validation,occupation,Extracted from MasakhaNER Swahili (PER contexts)
mousavi,2,masakhaner,needs_validation,occupation,Extracted from MasakhaNER Swahili (PER contexts)
migogoro,2,masakhaner,needs_validation,occupation,Extracted from MasakhaNER Swahili (PER contexts)
mkanganyiko,2,masakhaner,needs_validation,occupation,Extracted from MasakhaNER Swahili (PER contexts)
mzena,2,masakhaner,needs_validation,occupation,Extracted from MasakhaNER Swahili (PER contexts)
malaysia,2,masakhaner,needs_validation,occupation,Extracted from MasakhaNER Swahili (PER contexts)
merav,2,masakhaner,needs_validation,occupation,Extracted from MasakhaNER Swahili (PER contexts)
mechichi,2,masakhaner,needs_validation,occupation,Extracted from MasakhaNER Swahili (PER contexts)
miami,2,masakhaner,needs_validation,occupation,Extracted from MasakhaNER Swahili (PER contexts)
matayarisho,2,masakhaner,needs_validation,occupation,Extracted from MasakhaNER Swahili (PER contexts)
mtume,2,masakhaner,needs_validation,occupation,Extracted from MasakhaNER Swahili (PER contexts)
mashambani,2,masakhaner,needs_validation,occupation,Extracted from MasakhaNER Swahili (PER contexts)
