ngram,count,example
na atumia,162,Kũrĩ na bata wa ũhoro mũtabanĩru wĩgiĩ airĩtu na atumia maũndũ-inĩ ma ũgwati
atumia arĩa,130,"Gĩcunjĩ kĩa atumia arĩa mahũthagĩra njĩra cia kĩĩrĩu nĩ nini Mandera ĩgacokwo nĩ Wajir,Marsabit, Garissa nayo Embu ĩgĩtongoria"
cia atumia,108,"Kũringana na ũrĩa maũndũ matariĩ, ikundi iria irũagĩrĩra ihooto cia atumia nĩ ciagathĩrĩirio na igateithĩrĩrio nĩ andũ arĩa arĩa maacokirie ciũria ciao, na igĩkĩrĩrũo atĩ no itungatĩre harĩ kũheana ũira na gũcokanĩrĩria ũhoro."
mũtumia wake,107,"Mũtumia wake Nadeau eerire CBC ũũ: ""Ũcio warĩ ũhiki wa andũ erĩ."
mũtumia ũcio,95,"Mũtumia ũcio oigire atĩ rũthiomi rwa Gĩthwaĩri nĩruo rwaragio mũno Abirika, thutha wa Gĩthũngũ na Kĩarabu."
mũtumia wa,94,"Maũhoro ma IAAF nĩ mauga mawatho mau,matire na ũthigati wa gũcirĩra kana kũhũnga mahũrĩ mũhĩrĩga wa mũndũrũme kana mũtumia wa mũtengeri ũcio."
na mũtumia,90,Nĩ kwarĩ na mũtumia rũhongeinĩ  rwa ũgima mwega wa mwĩrĩ ũrĩa watũteithagia gũcaria atumia acio.
wa nyina,90,Ena mũru wa nyina etagwo Gilbert Kamau.
wa atumia,81,Athomi a sayansi kuuma Bũrũri wa Austria moigaga atĩ mũigana wa atumia arĩa makuaga hĩndĩ ya gũciara nĩ ũnyihĩte nĩ ũndũ wa gũciara na njĩra ya gũthĩnjwo
atumia aingĩ,81,Atumia aingĩ mathiaga kũheo ciana na njĩra ya gũthĩnjwo nĩ ũndũ wa mũromo njĩra wa mwana ũkoragwo ũrĩ mũceke.
atumia na,69,"Ũngania ndũmĩrĩri ya mũkũrĩre wa ciana, atumia na athuri"
mũthuri ũcio,66,Mũthuri ũcio agĩthiĩ kahora akĩinainagia mũtwe
atumia a,65,Kamĩtĩ ya acoki a arũme kana atumia a arũme kana arũme a arũme kana airĩtu a arũme kana airĩtu a airĩtu a airĩtu a airĩtu a airĩtu a airĩtu a airĩtu a airĩtu a airĩtu a airĩtu a airĩtu a airĩtu a airĩtu a airĩtu a airĩtu a airĩtu a airĩtu a airĩtu a airĩtu a airĩtu a airĩtu a airĩtu a airĩtu a airĩtu a airĩtu a airĩtu a airĩtu a airĩtu a airĩtu a airĩtu a airĩtu a airĩtu a airĩtu a airĩtu a airĩtu a airĩtu a airĩtu a airĩtu a airĩtu a airĩtu a airĩtu.
arũme na,65,Kũgĩa na ũrũmwe na wendi wa gĩũteti wa kũnyita mbaru mũbango wa gĩthomo ũtarĩ na mũthutũkanio wa arũme na atumia
kĩa atumia,55,Gĩcunjĩ gĩa ikũmi na ithano harĩ igana kĩa atumia a mĩaka ikũmi na ĩtano nginyagia ikũmi na kenda managĩa nda
mwanake ũcio,53,mwanake ũcio ena wĩra mwega
arũme na atumia,52,Kũgĩa na ũrũmwe na wendi wa gĩũteti wa kũnyita mbaru mũbango wa gĩthomo ũtarĩ na mũthutũkanio wa arũme na atumia
atumia nĩ,49,"Kũringana na ũrĩa maũndũ matariĩ, ikundi iria irũagĩrĩra ihooto cia atumia nĩ ciagathĩrĩirio na igateithĩrĩrio nĩ andũ arĩa arĩa maacokirie ciũria ciao, na igĩkĩrĩrũo atĩ no itungatĩre harĩ kũheana ũira na gũcokanĩrĩria ũhoro."
nyina wa,48,nyina wa kicha nĩ amũkania na arega
mũthuri ti,47,Mũthuri ti wairia ashindire ũngavana na makĩria ma mĩtĩ ngiri mĩrongo ĩtano ciiki.
mũtumia wakwa,45,Ndeithia kũhe mũtumia wakwa maĩ.
nyina na,45,"Dalili nĩ ta nda kuuma, thakame kwaga gũcera wega harĩ mwana na nyina, na ciana gũciarwo citarĩ na ũritũ mũkinyanĩru"
harĩ atumia,44,"Harĩ atumia a mĩaka ikũmi na ĩtano nginya mĩrongo ĩna na kenda na matihikĩte,gĩcunjĩ kĩa mĩrongo mũgwanja nĩmatũmagĩra njĩra icio na gĩcunjĩ kĩa mĩrongo ĩtano na kenda magĩtũmĩra njĩra cia kĩĩrĩu"
mũthuri ũrĩa,44,Mũthuri ũrĩa athiiaga na mũkwanjũ.
wa mũtumia,41,Mũruti wĩra wa gĩkundĩ gĩa thĩgarĩ wa mũtumia nĩaugĩre.
atumia arĩa marĩ,41,Gĩcunjĩ kĩa mĩrongo ĩtandatũ na ithatũ harĩ igana kĩa atumia arĩa marĩ kĩhiko inĩ nĩmatũmagĩra njĩra cia kũgiria kuoha nda gĩcunjĩ kĩa mĩrongo ĩtano  na mũgwanja gĩgĩtũmĩra njĩra cia kĩĩrĩu
mũtumia ũrĩa,39,Mũtumia wĩtagwo Mghwira nowe warĩ mũtumia ũrĩa warũgamĩte gĩthuranoĩnĩ kĩa ũtongoria wa bũrũriwa kĩrĩa kĩarĩ mwakaĩnĩ wa ngiri igĩrĩ na ikũmi na ithano.
ikundi cia atumia,39,Ikundi cia atumia cirabatara kũnyitwo guoko harĩ biacara.
nĩ mũtumia,37,Ngina nĩ mũtumia wa Kenyatta.
mwarĩ wa nyina,36,Amũmenyithanagia kũrĩ andũ ta mwarĩ wa nyina ũrĩa mũnini Molly 
mũtumia ũmwe,35,Ruthu Wacuka: ũrĩa kĩheo gĩa gũtuma giacenjirie mũtũrĩre wa mũtumia ũmwe bũrũri-nĩ wa Kenya.
kũhikia atumia,35,Nĩ mũithĩramu na ndini yake nĩ ĩmũĩtĩkĩrĩtie kũhikia atumia aingĩ.
atĩ mũtumia,34,Ũthuthuria wa ica ikuvĩ wonanirie atĩ mũtumia ũmwe.
arũme arĩa,34,Bũrũri wa Indonesia nĩ ũkoretwo na ũhinyanĩrĩria mũingĩ kwerekera arũme arĩa makomaga na arũme arĩa angĩ na arũme arĩa makomaga na arũme arĩa angĩ.
na mũtumia wake,34,Gĩkundi kĩa abunge matongoretio nĩ Senator Ted Cruz na Mũtumia wake.
ya atumia,33,Itua o ta rĩu nĩrĩgwikika ona riginĩ ya atumia
na mũthuri,33,mũthenya wa kana no nginya njemanie na mũthuri ti juma thaa inyanya mũthenya ndagũthaitha kururĩra karenda-inĩ 
athuri na atumia,32,Kenya no ĩrathiĩ na mbere na gũtongoria ihenya rĩa athuri na atumia.
kũhikia atumia aingĩ,32,Nĩ mũithĩramu na ndini yake nĩ ĩmũĩtĩkĩrĩtie kũhikia atumia aingĩ.
mũthuri wake,31,Baba wao amũgiririe gũka mũciĩ na mwana no amũcokirie kwĩ mũthuri wake.
wa arũme,29,Kũgĩa na ũrũmwe na wendi wa gĩũteti wa kũnyita mbaru mũbango wa gĩthomo ũtarĩ na mũthutũkanio wa arũme na atumia
mũrũ wa nyina,29,"Ningĩ nĩ kuonekire atĩ Robert Mwangi, mũthuri wa Mwangi na mũrũ wa nyina na mũtigaireKimani, nĩ aahutirio nĩ ũici ũcio tondũ biacara yake ya njohi nĩ yathũire."
na nyina,28,Heana cionereria cia kuonania ũgima wa  mwĩrĩ wa mwana na nyina
na arũme,28,Gĩcunjĩ kĩa atumia na arũme a mĩaka ikũmi na ĩtano nginya mĩrongo ĩna na kenda kĩa arĩa manaigua ũhoro wa mũrimũ wa mahũri
atumia no,27,Atumia no makorũo na thakame nyingĩ ya ihinda rĩa mweri.
mũkawa wa,27,Mũkawa wa Jakes wĩ irio ci cama. 
kwaga kũhikia atumia,27,"Tariki ikũmi na ithano mweri-inĩ wa Mũgaa mwaka wa ngiri igĩrĩ na mĩrongo ĩrĩ na ũmwe, Taliban nĩmathĩte athani ao kwaga kũhikia atumia aingĩ"
ao kwaga kũhikia atumia,27,"Tariki ikũmi na ithano mweri-inĩ wa Mũgaa mwaka wa ngiri igĩrĩ na mĩrongo ĩrĩ na ũmwe, Taliban nĩmathĩte athani ao kwaga kũhikia atumia aingĩ"
kwaga kũhikia atumia aingĩ,27,"Tariki ikũmi na ithano mweri-inĩ wa Mũgaa mwaka wa ngiri igĩrĩ na mĩrongo ĩrĩ na ũmwe, Taliban nĩmathĩte athani ao kwaga kũhikia atumia aingĩ"
ao kwaga kũhikia atumia aingĩ,27,"Tariki ikũmi na ithano mweri-inĩ wa Mũgaa mwaka wa ngiri igĩrĩ na mĩrongo ĩrĩ na ũmwe, Taliban nĩmathĩte athani ao kwaga kũhikia atumia aingĩ"
atumia arĩa marĩ na,26,"Nĩguo mũndũ ahote kũmenya kana arĩ na kanca ya nyondo, atumia arĩa marĩ na nda na arĩa marongithia nĩ mabatie gwĩthuthuria nyondo ciao. "
nyina nĩ,26,Nyina nĩ aageragia kwaria nake.
kũrĩ atumia,25,Nĩ yonekaga kaingĩ kũrĩ atumia na andũ akũrũ. 
cia mũtumia,24,Ningĩ nĩ atũmire ndũmĩrĩri thĩinĩ wa rũrenda rwa Watisapu na mbica iria ciratũeka atĩ nĩ cia mũtumia orĩa amũthitangĩte.
wa nyina na,24,"Ningĩ nĩ kuonekire atĩ Robert Mwangi, mũthuri wa Mwangi na mũrũ wa nyina na mũtigaireKimani, nĩ aahutirio nĩ ũici ũcio tondũ biacara yake ya njohi nĩ yathũire."
atumia aritũ,23,Linda mama ĩteithagia atumia aritũ.
mũthuri wakwa,23,Ta rora gathandũkũ gakwa ka marũa kuuma kũrĩ mũthuri wakwa.
nĩ atumia,23,Ndigano kĩhiko-inĩ kaingĩ cianjagio nĩ atumia
mũthuri wa,23,"Ningĩ nĩ kuonekire atĩ Robert Mwangi, mũthuri wa Mwangi na mũrũ wa nyina na mũtigaireKimani, nĩ aahutirio nĩ ũici ũcio tondũ biacara yake ya njohi nĩ yathũire."
atumia marĩ,23,Ũtumĩri wa njĩra cia kũĩgirĩrĩria harĩ atumia marĩ na ihu
kĩa atumia arĩa,22,"Gĩcunjĩ kĩa atumia arĩa mahũthagĩra njĩra cia kĩĩrĩu nĩ nini Mandera ĩgacokwo nĩ Wajir,Marsabit, Garissa nayo Embu ĩgĩtongoria"
mũthuri na,22,Maugire mauma erĩ mũthuri na mũtumia
mũkawa inĩ,22,Matunda ma ndimũ mendetwo mũno mũkawa-inĩ
wa mũthuri,20,"He gacunjĩ kangĩ ka ĩmwe harĩ ithatũ, nĩ ũndũ wa mũthuri."
airĩtu na atumia,19,Kũrĩ na bata wa ũhoro mũtabanĩru wĩgiĩ airĩtu na atumia maũndũ-inĩ ma ũgwati
ihooto cia atumia,19,"Kũringana na ũrĩa maũndũ matariĩ, ikundi iria irũagĩrĩra ihooto cia atumia nĩ ciagathĩrĩirio na igateithĩrĩrio nĩ andũ arĩa arĩa maacokirie ciũria ciao, na igĩkĩrĩrũo atĩ no itungatĩre harĩ kũheana ũira na gũcokanĩrĩria ũhoro."
wa arũme na,19,Kũgĩa na ũrũmwe na wendi wa gĩũteti wa kũnyita mbaru mũbango wa gĩthomo ũtarĩ na mũthutũkanio wa arũme na atumia
mũtumia mũritũ,19,Mũtumia mũritũ nĩarabatara ũtungata wa ũgima wa mwĩrĩ
ya mũtumia,19,Tanzania: Thũ ya mũtumia harĩ ũtonga nĩ mũthuri?
mũndũ mũka,19,Anderire ngoro mũndũ mũka.Aharangĩrĩria ngoro mũtumia mwega
ma atumia,18,Makĩria ma atumia ana harĩ ikũmi arĩa marĩ kĩhiko inĩ n ĩmarenda kũnyihia kũgĩa ciana
atumia arĩa marĩ na nda,18,"Nĩguo mũndũ ahote kũmenya kana arĩ na kanca ya nyondo, atumia arĩa marĩ na nda na arĩa marongithia nĩ mabatie gwĩthuthuria nyondo ciao. "
nĩ mũthuri,18,No mwanake angĩanirĩra eragwo nĩ mũthuri wĩna ũrũme
cia arũme,18,Andũ arĩa mareganaga na watho wa gwĩtĩkĩria ngomanio cia arũme kwa arũme na andũ a ndũrĩrĩ ingĩ thĩinĩ wa Taiwan
kana mũtumia,17,"Maũhoro ma IAAF nĩ mauga mawatho mau,matire na ũthigati wa gũcirĩra kana kũhũnga mahũrĩ mũhĩrĩga wa mũndũrũme kana mũtumia wa mũtengeri ũcio."
anene ao kwaga kũhikia atumia,17,Tarĩki ikũmi na ithano   mweri wa mbere  mwaka wa ngiri igĩrĩ na ikũmi na ĩmwe gĩkundi gĩa Taliban nĩgĩathĩte  anene ao kwaga kũhikia atumia aingĩ.
mũtumia wa mbere,16,Web tiwe mũtumia wa mbere kũruta wĩra ena mwana.
mũthuri na mũtumia,16,Maugire mauma erĩ mũthuri na mũtumia
atumia marĩ na,16,Ũtumĩri wa njĩra cia kũĩgirĩrĩria harĩ atumia marĩ na ihu
nyina na mwana,16,"Trindade aarĩ mũndũ wa kawaida, mũrũtwo, nyina na mwana"
arũme a,15,Kamĩtĩ ya acoki a arũme kana atumia a arũme kana arũme a arũme kana airĩtu a arũme kana airĩtu a airĩtu a airĩtu a airĩtu a airĩtu a airĩtu a airĩtu a airĩtu a airĩtu a airĩtu a airĩtu a airĩtu a airĩtu a airĩtu a airĩtu a airĩtu a airĩtu a airĩtu a airĩtu a airĩtu a airĩtu a airĩtu a airĩtu a airĩtu a airĩtu a airĩtu a airĩtu a airĩtu a airĩtu a airĩtu a airĩtu a airĩtu a airĩtu a airĩtu a airĩtu a airĩtu a airĩtu a airĩtu a airĩtu a airĩtu a airĩtu.
wa arũme na atumia,15,Kũgĩa na ũrũmwe na wendi wa gĩũteti wa kũnyita mbaru mũbango wa gĩthomo ũtarĩ na mũthutũkanio wa arũme na atumia
mũtumia wake nĩ,15,"O na kũrĩ ũguo, andũ amwe nĩ maroiga atĩ mũtumia wake nĩ mũriũ wa Charlo Mũhute, ũrĩa warĩ mwandĩki wa gĩkundi kĩrĩa kĩarĩ thirikari-inĩ."
mũtumia na,15,Nĩ ũrigitani wa matumbĩ ma mũtumia na mbegũ cia mũthuri.
a nyina,15,Nekesa oigaga atĩ mũgũnda ũcio nĩ wake na atĩ nyina na ariũ a nyina erĩ nĩ maathikirũo ho.
atumia harĩ,15,ũgacĩĩru wa atumia harĩ ũteti nĩ wongererekete.
atĩ atumia,15,Aongereire atĩ atumia nĩ marathutũkanio harĩ mbeca cia ngari iria aruti wĩra a thirikari angĩ magunĩkaga nacio kũringana na mĩbango ĩrĩa ĩkoragwo kuo.
ũciari cia mũtumia,15,Maũndu ma ũgwati ma kanca ya ciĩga cia ũciari cia mũtumia nĩ ta :gũkoruo na vulvar intraepithelial neoplasia (VIN) 
cia ũciari cia mũtumia,15,Maũndu ma ũgwati ma kanca ya ciĩga cia ũciari cia mũtumia nĩ ta :gũkoruo na vulvar intraepithelial neoplasia (VIN) 
ciĩga cia ũciari cia mũtumia,15,Maũndu ma ũgwati ma kanca ya ciĩga cia ũciari cia mũtumia nĩ ta :gũkoruo na vulvar intraepithelial neoplasia (VIN) 
mwanake wa,14,Kamau: ota mũthaki maradona mwanake wa bũrũri wa Kenya nĩabũnga mbao ya kũgegania
na atumia arĩa,14,"Ngerekano nĩ arwaru arĩa makomete thibitarĩ, andũ arĩa marĩ njera-inĩ cia borithi, agendi, ageni mĩkawa-inĩ, kana ohwo korokoro-inĩ , arĩa makomaga nja, na atumia arĩa matũraga ta atungati."
harĩ atumia arĩa,14,"Harĩ atumia arĩa mahikĩte, njĩra iria matũmagĩra mũno nĩ gũĩtheca na gũtũmĩra dawa"
mũthuri kana,14,"Oũrĩa mahinda mathiaga , ũtũmĩri wa macini nĩũtiganĩte na maũndũ ma mũthuri kana mũtumia na kũonekanĩte atĩ macini mũndũ wothe nĩaramĩhuthĩra"
mũkana ũhũthĩri,14,"Mũthenya  wa ikũmi na ithano mweri-inĩ wa Mũgaa mwaka wa ngiri igĩrĩ na mĩrongo ĩrĩ, bũrũri-inĩ ũrĩa mũtongoria waguo ekĩrĩrĩre mũkana ũhũthĩri wa ng'enda cia muingĩ"
mũkana ũhũthĩri wa,14,"Mũthenya  wa ikũmi na ithano mweri-inĩ wa Mũgaa mwaka wa ngiri igĩrĩ na mĩrongo ĩrĩ, bũrũri-inĩ ũrĩa mũtongoria waguo ekĩrĩrĩre mũkana ũhũthĩri wa ng'enda cia muingĩ"
atumia na airĩtu,14,Atumia na airĩtu nĩmagĩrĩirwo kũgitĩrwo nĩ thirikari
na mwanake,14,Lionel Messi gũtũngana na mwanake wĩhumbĩte nguo ithondeketwo na karatathi bũrũriinĩ wa Afghanistan
gĩcunjĩ kĩa atumia,13,"Gĩcunjĩ kĩa atumia arĩa mahũthagĩra njĩra cia kĩĩrĩu nĩ nini Mandera ĩgacokwo nĩ Wajir,Marsabit, Garissa nayo Embu ĩgĩtongoria"
mwanake ũmwe,13,Mwanake ũmwe wa mĩaka 20 akĩbatithio bũrũri-inĩ wa Ghana
mwanake ũcio nĩ,13,Mwanake ũcio nĩ mũthaki wa mũbira
kwa atumia,13,(FGM) Kũruithio kwa Atumia (JFA) Ũrũmwe wa Ngwatanĩro
kĩa arũme,13,"Abithaa wa rũhonge rwa ũtuĩria wa kĩrũrũngano kĩa arũme na atumia, athomi a ũtuĩria wa ũmenyo na ũrutani thĩinĩ wa ngwatanĩro itarĩ cia thirikari (NGO) na athomi a thirikari cia county."
mũtumia wake wa,13,Thomas Thabane: Mũtabania wa tene wa Lesotho 'aarĩhire njũru cia mbaara kũũraga mũtumia wake wa tene'
ya arũme,13,"Kũrĩ icigo iria ikoragwo na ũgucania mũnene wa arũme na atumia, mĩcemanio ya mwanya ya ithomo kana mĩbango ngũrani ya gũikara ya arũme na atumia nĩ yagĩrĩirũo kũrũmagĩrĩrũo."
mũkana wa,12,Mũtongoria wa bũrũri Mũceveni  gwĩkĩra mũkana wa kũũrũra.
no atumia,12,Ndariri nene nĩ maĩ maranunga ũru kuma ciĩga cia thiri no atumia amwe matikoragwo na ndariri.
mũndũrũme ũmwe,12,Atumia arĩa mĩrĩ yao ĩhĩngĩcanĩte nĩmakĩrĩte arũme na atũmia kenda kwa mũndũrũme ũmwe 
atumia ao,12,Kwĩna ũndũire wĩtĩkĩrĩtie arũme kũhũra atumia ao
atumia na athuri,11,"Ũngania ndũmĩrĩri ya mũkũrĩre wa ciana, atumia na athuri"
mwana na nyina,11,Heana cionereria cia kuonania ũgima wa  mwĩrĩ wa mwana na nyina
atumia a ndigwa,11,Macũngĩrĩrio ma mbara cia kĩũteti nĩ gũkorwo na atumia a ndigwa
mũthuri ũmwe,11,Mũthuri ũmwe kũũragwo nĩ mbathi thĩinĩ wa Israel
kwa arũme,11,Andũ arĩa mareganaga na watho wa gwĩtĩkĩria ngomanio cia arũme kwa arũme na andũ a ndũrĩrĩ ingĩ thĩinĩ wa Taiwan
nyina wao,11,"Korũo nĩwe nyina wao, ũngĩka o ũguo?"
arũme nĩ,11,Arũme nĩ makoragwo na mũigana mũnene wa kũrũara mũrimũ wa ngoro gũkĩra atumia. 
gũkĩra atumia,11,Arũme nĩ makoragwo na mũigana mũnene wa kũrũara mũrimũ wa ngoro gũkĩra atumia. 
atumia othe,11,ICP ĩkoragwo na kĩndũ gĩcunjĩ kĩmwe harĩ igana kĩa atumia othe arĩa marĩ nda thĩinĩ wa bũrũri ũcio.
mũtumia ũcio nĩ,11,mũtumia ũcio nĩ mũĩtigĩri Ngai.
ekĩrirĩre mũkana,11,"Tarĩki ikũmi na ithano mweri wa Mũgaa mwaka wa ngiri igĩrĩ na mĩrongo ĩrĩ na ĩmwe, bũrũri-inĩ ũrĩa mũtongoria waguo ekĩrirĩre mũkana ũhũthĩri wa nenda cia mũingĩ"
waguo ekĩrirĩre mũkana,11,"Tarĩki ikũmi na ithano mweri wa Mũgaa mwaka wa ngiri igĩrĩ na mĩrongo ĩrĩ na ĩmwe, bũrũri-inĩ ũrĩa mũtongoria waguo ekĩrirĩre mũkana ũhũthĩri wa nenda cia mũingĩ"
ekĩrirĩre mũkana ũhũthĩri,11,"Tarĩki ikũmi na ithano mweri wa Mũgaa mwaka wa ngiri igĩrĩ na mĩrongo ĩrĩ na ĩmwe, bũrũri-inĩ ũrĩa mũtongoria waguo ekĩrirĩre mũkana ũhũthĩri wa nenda cia mũingĩ"
mũtongoria waguo ekĩrirĩre mũkana,11,"Tarĩki ikũmi na ithano mweri wa Mũgaa mwaka wa ngiri igĩrĩ na mĩrongo ĩrĩ na ĩmwe, bũrũri-inĩ ũrĩa mũtongoria waguo ekĩrirĩre mũkana ũhũthĩri wa nenda cia mũingĩ"
waguo ekĩrirĩre mũkana ũhũthĩri,11,"Tarĩki ikũmi na ithano mweri wa Mũgaa mwaka wa ngiri igĩrĩ na mĩrongo ĩrĩ na ĩmwe, bũrũri-inĩ ũrĩa mũtongoria waguo ekĩrirĩre mũkana ũhũthĩri wa nenda cia mũingĩ"
ekĩrirĩre mũkana ũhũthĩri wa,11,"Tarĩki ikũmi na ithano mweri wa Mũgaa mwaka wa ngiri igĩrĩ na mĩrongo ĩrĩ na ĩmwe, bũrũri-inĩ ũrĩa mũtongoria waguo ekĩrirĩre mũkana ũhũthĩri wa nenda cia mũingĩ"
mũkana ũhũthĩri wa nenda,11,"Tarĩki ikũmi na ithano mweri wa Mũgaa mwaka wa ngiri igĩrĩ na mĩrongo ĩrĩ na ĩmwe, bũrũri-inĩ ũrĩa mũtongoria waguo ekĩrirĩre mũkana ũhũthĩri wa nenda cia mũingĩ"
ũrĩa mũtongoria waguo ekĩrirĩre mũkana,11,"Tarĩki ikũmi na ithano mweri wa Mũgaa mwaka wa ngiri igĩrĩ na mĩrongo ĩrĩ na ĩmwe, bũrũri-inĩ ũrĩa mũtongoria waguo ekĩrirĩre mũkana ũhũthĩri wa nenda cia mũingĩ"
mũtongoria waguo ekĩrirĩre mũkana ũhũthĩri,11,"Tarĩki ikũmi na ithano mweri wa Mũgaa mwaka wa ngiri igĩrĩ na mĩrongo ĩrĩ na ĩmwe, bũrũri-inĩ ũrĩa mũtongoria waguo ekĩrirĩre mũkana ũhũthĩri wa nenda cia mũingĩ"
waguo ekĩrirĩre mũkana ũhũthĩri wa,11,"Tarĩki ikũmi na ithano mweri wa Mũgaa mwaka wa ngiri igĩrĩ na mĩrongo ĩrĩ na ĩmwe, bũrũri-inĩ ũrĩa mũtongoria waguo ekĩrirĩre mũkana ũhũthĩri wa nenda cia mũingĩ"
ekĩrirĩre mũkana ũhũthĩri wa nenda,11,"Tarĩki ikũmi na ithano mweri wa Mũgaa mwaka wa ngiri igĩrĩ na mĩrongo ĩrĩ na ĩmwe, bũrũri-inĩ ũrĩa mũtongoria waguo ekĩrirĩre mũkana ũhũthĩri wa nenda cia mũingĩ"
mũkana ũhũthĩri wa nenda cia,11,"Tarĩki ikũmi na ithano mweri wa Mũgaa mwaka wa ngiri igĩrĩ na mĩrongo ĩrĩ na ĩmwe, bũrũri-inĩ ũrĩa mũtongoria waguo ekĩrirĩre mũkana ũhũthĩri wa nenda cia mũingĩ"
cia atumia nĩ,10,"Kũringana na ũrĩa maũndũ matariĩ, ikundi iria irũagĩrĩra ihooto cia atumia nĩ ciagathĩrĩirio na igateithĩrĩrio nĩ andũ arĩa arĩa maacokirie ciũria ciao, na igĩkĩrĩrũo atĩ no itungatĩre harĩ kũheana ũira na gũcokanĩrĩria ũhoro."
atumia acio,10,Nĩ kwarĩ na mũtumia rũhongeinĩ  rwa ũgima mwega wa mwĩrĩ ũrĩa watũteithagia gũcaria atumia acio.
atumia amwe,10,Ndariri nene nĩ maĩ maranunga ũru kuma ciĩga cia thiri no atumia amwe matikoragwo na ndariri.
nĩ mũtumia wa,10,Ngina nĩ mũtumia wa Kenyatta.
atumia arĩa matarĩ,10,Gĩcunjĩ kĩa atumia arĩa matarĩ na nda na matiĩthecete na marĩ na uhoti wa kuoha nda
atumia nĩo,10,Atumia nĩo marĩ aingĩ harĩ andũ arĩa makomete thibitarĩ o-tiga ciana cia ngenge nginya mĩaka ikũmi na inya
rĩrĩa mũtumia,10,Nyũngũ ya mwana nĩ handũ harĩa mwana akũragĩra rĩrĩa mũtumia arĩ na nda. 
mũkaana atĩ,10,"Ngwatanĩro ya rũrĩrĩ rwa Kenya Nairobi, nĩ ĩheanĩte mũkaana atĩ ""andũ agũkĩrĩrĩria kuuma Somalia"" nĩ marabanga gũtharĩkĩra Kenya na Ethiopia na mbomu cia kwĩyũraga."
ka arũme,10,Ũigananĩru gatagatĩ ka arũme na atumia ũratũma atumia na arũme manyitanĩre makĩria maũndũ-inĩ ma itũũra.
nyina wa ciana,10,Nyina wa ciana nyingĩ atũmagĩra mahinda maingĩ kũmarugĩra
nĩ mwanake,10,mwana wake nĩ mwanake
atĩ mũthuri,10,"O na kũrĩ ũguo, maũndũ ta macio matingĩkwo thĩinĩ wa ihiko iria cionanagia atĩ mũthuri na mũtumia nĩ a kwendana."
arũme kwa,10,Andũ arĩa mareganaga na watho wa gwĩtĩkĩria ngomanio cia arũme kwa arũme na andũ a ndũrĩrĩ ingĩ thĩinĩ wa Taiwan
arũme kwa arũme,10,Andũ arĩa mareganaga na watho wa gwĩtĩkĩria ngomanio cia arũme kwa arũme na andũ a ndũrĩrĩ ingĩ thĩinĩ wa Taiwan
wa nyina nĩ,10,"Ithe na mwarĩ wa nyina nĩ maraugire matigĩkua ngoro,mena mwĩhoko nĩ egũcoka"
mwanake ũrĩa,10,Mwanake ũrĩa nĩ ahaanaine na ithe.
athani ao kwaga kũhikia atumia,10,"Tariki ikũmi na ithano mweri-inĩ wa Mũgaa mwaka wa ngiri igĩrĩ na mĩrongo ĩrĩ na ũmwe, Taliban nĩmathĩte athani ao kwaga kũhikia atumia aingĩ"
mũkaana wa,10,"Mũthuri Kuria, Cibũ wa gĩcigo gĩkĩ nĩ araheire aikari a bũrũri mũkaana wa mbura ĩno ĩrathiĩ nambere kuura na moimĩrira mayũ."
atumia a mĩaka,9,Gĩcunjĩ gĩa ikũmi na ithano harĩ igana kĩa atumia a mĩaka ikũmi na ĩtano nginyagia ikũmi na kenda managĩa nda
gĩcunjĩ kĩa atumia arĩa,9,"Gĩcunjĩ kĩa atumia arĩa mahũthagĩra njĩra cia kĩĩrĩu nĩ nini Mandera ĩgacokwo nĩ Wajir,Marsabit, Garissa nayo Embu ĩgĩtongoria"
ma mũtumia,9,Nĩ ũrigitani wa matumbĩ ma mũtumia na mbegũ cia mũthuri.
cia mũthuri,9,Nĩ ũrigitani wa matumbĩ ma mũtumia na mbegũ cia mũthuri.
ũrĩa mũthuri,9,mũthenya ũrĩa mũthuri wakwa aciarirwo nĩ rĩ mwaka ũyũ 
na arũme arĩa,9,Bũrũri wa Indonesia nĩ ũkoretwo na ũhinyanĩrĩria mũingĩ kwerekera arũme arĩa makomaga na arũme arĩa angĩ na arũme arĩa makomaga na arũme arĩa angĩ.
arũme arĩa angĩ,9,Bũrũri wa Indonesia nĩ ũkoretwo na ũhinyanĩrĩria mũingĩ kwerekera arũme arĩa makomaga na arũme arĩa angĩ na arũme arĩa makomaga na arũme arĩa angĩ.
na atumia aingĩ,9,Athũri na Atumia aingĩ arĩa maheanĩte ndigano nĩmacokanagĩra.
na mũtumia wakwa,9,"Thutha wa kũrĩkia, tũgĩtũmwo Nairobi tũrĩ na mũtumia wakwa."
atumia aria,9,Atumia aria makoraguo akuhi: Ariah mahicaga gari cia bara nimerutagira kũinamirira ngari-ini cia bara Kenya.
mwarĩ wa nyina na,9,mwanake ũmwe wa mĩaka ikũmi na inya nĩ gũteretha  na kũnyita aarĩ a nyina erĩ hanwe na endwa acio erĩ na mwarĩ wa nyina na mũhikania
mũtumia ũyũ,9,"No tũririe mũtumia ũyũ  Sarah Macharia, kũma ngathĩti na ibuku rĩa Godey ya mwaka wa ngiri ĩmwe na magana manana ma mĩrongo ĩtandatũ"
wa maitu,9,Mũrũ wa maitu ndarĩ na mahĩtia na igoti nĩ rĩkũamura ũguo
mũkawa ũcio,9,Andũa Rwanda maingĩrire mũkawa ũcio wa ituramĩro ndũrĩ haraihu na ũbarũthi ũcio.
harĩ arũme,9,"O na kũrĩ ũguo, kaingĩ maũndũ macio matikoragwo maritũ na nĩ macenjagia gũkĩra marĩa monagwo harĩ arũme."
arũme acio,9,Komanda wa borithi gĩcigo kĩnini  ya Suba Antony Njeru oigire atĩ arũme acio atatũ nĩ maanyitĩtwo nĩ borithi nĩguomathuthurie ũhoro ũcio.
mũkawa ũrĩa,9,Ũria mũkawa ũrĩa ũrĩ hakuhĩ na gĩcigo-inĩ gĩakwa
mwanake ũyũ,9,Nĩ hinya kũmwĩhoka mwanake ũyũ.
e mũtumia,9,ũthuthuria bũrũri-inĩ ũcio gũtionanirie atĩ maũndũ megiĩ mũndũ gũkorwo e-mũthuri kama e-mũtumia nĩ gwa bata harĩ moimĩrĩra ma mathomo.
mũthuri akĩmwĩra,9,Mũthuri akĩmwĩra tondũ ndana rĩkia wĩra wake.
mũndũrũme kana,8,"Maũhoro ma IAAF nĩ mauga mawatho mau,matire na ũthigati wa gũcirĩra kana kũhũnga mahũrĩ mũhĩrĩga wa mũndũrũme kana mũtumia wa mũtengeri ũcio."
kĩa atumia arĩa marĩ,8,Gĩcunjĩ kĩa mĩrongo ĩtandatũ na ithatũ harĩ igana kĩa atumia arĩa marĩ kĩhiko inĩ nĩmatũmagĩra njĩra cia kũgiria kuoha nda gĩcunjĩ kĩa mĩrongo ĩtano  na mũgwanja gĩgĩtũmĩra njĩra cia kĩĩrĩu
wa atumia na,8,Ta mũndũrũme nĩngũranĩte mweke wa atumia na njĩra nene mũno
atumia aingĩ arĩa,8,Atumia aingĩ arĩa marĩ makoro na ũritũ wa nja ya nda nĩ mathiaga na mbere kũgĩa nda ĩna ũgima mwega.
kũrĩ mũthuri,8,Ta rora gathandũkũ gakwa ka marũa kuuma kũrĩ mũthuri wakwa.
atumia aingĩ nĩ,8,"O na gũtuĩka atumia aingĩ nĩ metigĩrĩte kanca, mathĩĩna maingĩ ma nyondo matikoragũo kanca. "
mũtumia wa mũtongoria,8,Ũũ nĩ ũira waku atĩ mũtumia wa mũtongoria nĩ we akoretwo agĩtongoria maũndũ ma kauntĩ.
atumia angĩ,8,Atumia angĩ nĩ mangabana a matũũra
na mwarĩ wa nyina,8,mwanake ũmwe wa mĩaka ikũmi na inya nĩ gũteretha  na kũnyita aarĩ a nyina erĩ hanwe na endwa acio erĩ na mwarĩ wa nyina na mũhikania
mũthuri kana mũtumia,8,"Oũrĩa mahinda mathiaga , ũtũmĩri wa macini nĩũtiganĩte na maũndũ ma mũthuri kana mũtumia na kũonekanĩte atĩ macini mũndũ wothe nĩaramĩhuthĩra"
na atumia no,8,Athuri na atumia no meke mĩtugo ĩno.
mũndũrũme ũcio,8,Mũndũrũme ũcio wa mĩaka mĩrongo ĩna na ũmwe anyitĩtũo nĩũndũ wa gũcogera mũingĩ
mũthuri ũcio nĩ,8,"""Ũndũ ũcio nĩ wa magegania tondũ mũthuri ũcio nĩ akoretwo akĩthahia airĩtu arĩa marĩ gwake mũciĩ."
mũkaana wĩgiĩ,8,Athuri a itũũra rĩu nĩ maamũheire mũkaana wĩgiĩ kĩrĩma kĩu.
mwanake nĩ,8,mwanake nĩ arakaria nyina
ya mũthuri,8,Nĩkũrĩ na ngũrani ya mũthuri na mũtumia harĩ gũcoka thukuru kũrũmĩrĩra mũrimũ wa Ebola ?
thutha wa mũtumia,8,Ciana cionekaga tu thutha wa mũtumia kũgĩa nda.
mũthuri ti kamau,8,Mũthuri ti Kamau nĩ ahanda mbembe mũthemba wa Pioneer. 
andũ mũkaana,8,"Kaingĩ Instagram nĩ ĩheanaga ũteithio na ũhoro wa gũteithia andũ kũhũrana  na andũ arĩa mathumbũraga na ningĩ nĩ ĩheaga andũ mũkaana mbere ya kwĩrorera ndũmĩrĩri, mbica, kana findio njũru."
atĩ mũtumia ũcio,8,Maina eerire BBC atĩ mũtumia ũcio nĩ ĩkĩrĩte muoyo wake ũgwati-inĩ  kũhonokia andũ arĩa angĩ.
arũme kana,7,Kamĩtĩ ya acoki a arũme kana atumia a arũme kana arũme a arũme kana airĩtu a arũme kana airĩtu a airĩtu a airĩtu a airĩtu a airĩtu a airĩtu a airĩtu a airĩtu a airĩtu a airĩtu a airĩtu a airĩtu a airĩtu a airĩtu a airĩtu a airĩtu a airĩtu a airĩtu a airĩtu a airĩtu a airĩtu a airĩtu a airĩtu a airĩtu a airĩtu a airĩtu a airĩtu a airĩtu a airĩtu a airĩtu a airĩtu a airĩtu a airĩtu a airĩtu a airĩtu a airĩtu a airĩtu a airĩtu a airĩtu a airĩtu a airĩtu.
mũndũrũme kana mũtumia,7,"Maũhoro ma IAAF nĩ mauga mawatho mau,matire na ũthigati wa gũcirĩra kana kũhũnga mahũrĩ mũhĩrĩga wa mũndũrũme kana mũtumia wa mũtengeri ũcio."
wa atumia arĩa,7,Athomi a sayansi kuuma Bũrũri wa Austria moigaga atĩ mũigana wa atumia arĩa makuaga hĩndĩ ya gũciara nĩ ũnyihĩte nĩ ũndũ wa gũciara na njĩra ya gũthĩnjwo
atumia ya,7,Timũ ya atumia ya Manchester City
ya atumia ya,7,Timũ ya atumia ya Manchester City
arũme nĩo,7,Arũme nĩo mahũraga mĩmera ndawa
kĩa atumia arĩa matarĩ,7,Gĩcunjĩ kĩa atumia arĩa matarĩ na nda na matiĩthecete na marĩ na uhoti wa kuoha nda
atumia na arũme,7,Gĩcunjĩ kĩa atumia na arũme a mĩaka ikũmi na ĩtano nginya mĩrongo ĩna na kenda kĩa arĩa manaigua ũhoro wa mũrimũ wa mahũri
gĩa atumia,7,"Mĩaka ĩigana ona mĩthiru, mũĩkĩrani muoyo wa Amerika  Beth Kamau nĩagegetie andũ nĩ kũria kĩhoto gĩa atumia  kĩoneke, nĩendekithĩtie atumia maikĩrio kura"
kũma mũkawa,7,olly njitiria kahũa kamwe kũma mũkawa wa Starbucks
mũkawaĩni wa,7,ĩtĩa kahũa kamwe mũkawaĩni wa starbucks 
kwĩ mũthuri,7,Baba wao amũgiririe gũka mũciĩ na mwana no amũcokirie kwĩ mũthuri wake.
atumia kwaga,7,ũũ ũrehaga ũritũ wa atumia kwaga kũnyitanĩra harĩ ũrĩmi.
na arũme arĩa angĩ,7,Bũrũri wa Indonesia nĩ ũkoretwo na ũhinyanĩrĩria mũingĩ kwerekera arũme arĩa makomaga na arũme arĩa angĩ na arũme arĩa makomaga na arũme arĩa angĩ.
mũtumia nĩ,7,"O na kũrĩ ũguo, maũndũ ta macio matingĩkwo thĩinĩ wa ihiko iria cionanagia atĩ mũthuri na mũtumia nĩ a kwendana."
mũtumia harĩ,7,Tanzania: Thũ ya mũtumia harĩ ũtonga nĩ mũthuri?
atĩ nyina,7,Nekesa oigaga atĩ mũgũnda ũcio nĩ wake na atĩ nyina na ariũ a nyina erĩ nĩ maathikirũo ho.
atumia marĩ na ihu,7,Ũtumĩri wa njĩra cia kũĩgirĩrĩria harĩ atumia marĩ na ihu
kũrĩ mũtumia,7,Ũtukũ wa mbere wamũrĩtwo ũrĩ wamwanya kũrĩ mũtumia wa mũthamaki
atumia ethĩ,7,Tech Dada nĩ mũbango wa Thukuru wa Tunapanda ũrĩa ũkoragwo na muoroto wa gũtwarithia na mbere ũhũthĩri wa tekinoronjĩ cia mohoro harĩ atumia ethĩ Kenya.
gũteithia atumia,7,No ingĩhota gũteithia atumia no ũkorũo ũrĩ ũndũ mwega.
mwĩrĩ wa nyina,7,Nĩ twaheirũo marũa tũhũre saĩni kĩa hinya. Mũrũ wa Fathima ũrĩa mũkũrũ nĩ aagĩrĩirũo gũthiĩ thibitarĩ kũmenyithania mwĩrĩ wa nyina.
kwa mũtumia,7,kwĩruta gwa kũrũgama kwa ihinda rĩraihu ti kwega kwa mũtumia mũritũ
atĩ arũme,7,Musa Warũingĩ. ũrĩa gũkoragwo nĩ atĩ arũme matirĩ nyondo no niĩ ndĩnayo.
harĩ atumia arĩa marĩ,7,Kaingĩ yonekaga harĩ atumia arĩa marĩ na mĩaka  mĩaka mĩrongo ĩtatũ na ĩna 
harĩ atumia arĩa marĩ na,7,Kaingĩ yonekaga harĩ atumia arĩa marĩ na mĩaka  mĩaka mĩrongo ĩtatũ na ĩna 
e mũthuri,7,ũthuthuria bũrũri-inĩ ũcio gũtionanirie atĩ maũndũ megiĩ mũndũ gũkorwo e-mũthuri kama e-mũtumia nĩ gwa bata harĩ moimĩrĩra ma mathomo.
na mũtumia ũcio,7,"Kũringana na Onyango, Ong’ong’a na mũtumia ũcio wa ndigwa makoretwo makĩonana hakuhĩ mĩaka ĩrĩ."
kũrĩ arũme,7,AS kaingĩ yonekaga mũno kũrĩ arũme. 
mũtumia ti,7,"Mũtumia ti Wambui nĩaraũgire kũria mbica ciaũmire, arĩa maheyanaga ũteithio mena ndeto makĩria"
kũhikia mũtumia,7,Mũndũrũme ũmwe gũikio njera mĩeri itandatũ nĩ ũndũ wa kũhikia mũtumia wa kerĩ bũrũri-inĩ wa Pakistan
thĩmũ mũkawaĩni,7,hĩhĩ no uhote gũĩtĩa ĩrĩo na kuhura thĩmũ mũkawaĩni uria
mũkawa mwega,7,ĩtĩa ĩrĩo kũma mũkawa mwega
mũtumia wake wa mbere,7,"Mũtumia wake wa mbere, Sami, aarĩ wa bũrũri wa Ghana."
ĩheete andũ mũkaana,7,"O na kũrĩ ũguo, thirikari nĩ ĩheete andũ mũkaana atĩ nĩ mekũbatara kwĩharĩria nĩ ũndũ wa mathĩna ma kĩĩmbeca ma mwaka ũyũ."
andũ mũkaana atĩ,7,"O na kũrĩ ũguo, thirikari nĩ ĩheete andũ mũkaana atĩ nĩ mekũbatara kwĩharĩria nĩ ũndũ wa mathĩna ma kĩĩmbeca ma mwaka ũyũ."
mũkaana atĩ nĩ,7,"O na kũrĩ ũguo, thirikari nĩ ĩheete andũ mũkaana atĩ nĩ mekũbatara kwĩharĩria nĩ ũndũ wa mathĩna ma kĩĩmbeca ma mwaka ũyũ."
nĩ ĩheete andũ mũkaana,7,"O na kũrĩ ũguo, thirikari nĩ ĩheete andũ mũkaana atĩ nĩ mekũbatara kwĩharĩria nĩ ũndũ wa mathĩna ma kĩĩmbeca ma mwaka ũyũ."
ĩheete andũ mũkaana atĩ,7,"O na kũrĩ ũguo, thirikari nĩ ĩheete andũ mũkaana atĩ nĩ mekũbatara kwĩharĩria nĩ ũndũ wa mathĩna ma kĩĩmbeca ma mwaka ũyũ."
andũ mũkaana atĩ nĩ,7,"O na kũrĩ ũguo, thirikari nĩ ĩheete andũ mũkaana atĩ nĩ mekũbatara kwĩharĩria nĩ ũndũ wa mathĩna ma kĩĩmbeca ma mwaka ũyũ."
mũkaana atĩ nĩ mekũbatara,7,"O na kũrĩ ũguo, thirikari nĩ ĩheete andũ mũkaana atĩ nĩ mekũbatara kwĩharĩria nĩ ũndũ wa mathĩna ma kĩĩmbeca ma mwaka ũyũ."
thirikari nĩ ĩheete andũ mũkaana,7,"O na kũrĩ ũguo, thirikari nĩ ĩheete andũ mũkaana atĩ nĩ mekũbatara kwĩharĩria nĩ ũndũ wa mathĩna ma kĩĩmbeca ma mwaka ũyũ."
nĩ ĩheete andũ mũkaana atĩ,7,"O na kũrĩ ũguo, thirikari nĩ ĩheete andũ mũkaana atĩ nĩ mekũbatara kwĩharĩria nĩ ũndũ wa mathĩna ma kĩĩmbeca ma mwaka ũyũ."
ĩheete andũ mũkaana atĩ nĩ,7,"O na kũrĩ ũguo, thirikari nĩ ĩheete andũ mũkaana atĩ nĩ mekũbatara kwĩharĩria nĩ ũndũ wa mathĩna ma kĩĩmbeca ma mwaka ũyũ."
andũ mũkaana atĩ nĩ mekũbatara,7,"O na kũrĩ ũguo, thirikari nĩ ĩheete andũ mũkaana atĩ nĩ mekũbatara kwĩharĩria nĩ ũndũ wa mathĩna ma kĩĩmbeca ma mwaka ũyũ."
mũkaana atĩ nĩ mekũbatara kwĩharĩria,7,"O na kũrĩ ũguo, thirikari nĩ ĩheete andũ mũkaana atĩ nĩ mekũbatara kwĩharĩria nĩ ũndũ wa mathĩna ma kĩĩmbeca ma mwaka ũyũ."
a arũme,6,Kamĩtĩ ya acoki a arũme kana atumia a arũme kana arũme a arũme kana airĩtu a arũme kana airĩtu a airĩtu a airĩtu a airĩtu a airĩtu a airĩtu a airĩtu a airĩtu a airĩtu a airĩtu a airĩtu a airĩtu a airĩtu a airĩtu a airĩtu a airĩtu a airĩtu a airĩtu a airĩtu a airĩtu a airĩtu a airĩtu a airĩtu a airĩtu a airĩtu a airĩtu a airĩtu a airĩtu a airĩtu a airĩtu a airĩtu a airĩtu a airĩtu a airĩtu a airĩtu a airĩtu a airĩtu a airĩtu a airĩtu a airĩtu a airĩtu.
gwa atumia,6,Bũrũri wa Isiraeli nĩ ũheanĩte watho mũritũ mũno wĩgiĩ kũruithio gwa atumia
wa mũndũrũme,6,"Maũhoro ma IAAF nĩ mauga mawatho mau,matire na ũthigati wa gũcirĩra kana kũhũnga mahũrĩ mũhĩrĩga wa mũndũrũme kana mũtumia wa mũtengeri ũcio."
wa mũtumia ũmwe,6,Ruthu Wacuka: ũrĩa kĩheo gĩa gũtuma giacenjirie mũtũrĩre wa mũtumia ũmwe bũrũri-nĩ wa Kenya.
atumia aya,6,Atumia aya a amerika makuona atĩa ũtonga ũyũ?
ĩteithagia atumia,6,Linda mama ĩteithagia atumia aritũ.
mũtumia waku,6,mũtumia waku nĩoĩ kũruga cabaci?
atumia na ciana,6,Ndini nĩ ĩteithagia gũkũria kĩhooto kĩa atumia na ciana.
na atumia a,6,Macũngĩrĩrio ma mbara cia kĩũteti nĩ gũkorwo na atumia a ndigwa
atumia arĩa mohete,6,Mũrimũ wa marĩria nĩ ũragaga andũ na ũgathĩnia atumia arĩa mohete nda.
atumia arĩa mohete nda,6,Mũrimũ wa marĩria nĩ ũragaga andũ na ũgathĩnia atumia arĩa mohete nda.
nĩ nyina,6,Madonsela nĩ nyina wa ciana igĩrĩ.
cia arũme kwa,6,Andũ arĩa mareganaga na watho wa gwĩtĩkĩria ngomanio cia arũme kwa arũme na andũ a ndũrĩrĩ ingĩ thĩinĩ wa Taiwan
cia arũme kwa arũme,6,Andũ arĩa mareganaga na watho wa gwĩtĩkĩria ngomanio cia arũme kwa arũme na andũ a ndũrĩrĩ ingĩ thĩinĩ wa Taiwan
arũme arĩa mahikanĩtie,6,Thirikari ya Amerika nĩ ĩhũthĩrĩte njĩra njũru mũno gũteithia arũme arĩa mahikanĩtie na arũme arĩa angĩ
ariũ a nyina,6,Nekesa oigaga atĩ mũgũnda ũcio nĩ wake na atĩ nyina na ariũ a nyina erĩ nĩ maathikirũo ho.
mũkaana kũrĩ,6,Kimani kũheana mũkaana kũrĩ Iran atĩ 'ndĩkagerie Amerika'
mũtumia wake na,6,No Al-Qweda nĩmaũgĩte atĩ mũtumia wake na ciana nĩmoragirwo onao onagũtuĩka matiamenyekire kĩmbirarũ
atumia cirebundithia,6,Ikundi cia atumia cirebundithia wĩgiĩ ihooto ciao.
cia atumia cirebundithia,6,Ikundi cia atumia cirebundithia wĩgiĩ ihooto ciao.
ikundi cia atumia cirebundithia,6,Ikundi cia atumia cirebundithia wĩgiĩ ihooto ciao.
mũtumia kana,6,Mũrigiti nĩ mũtumia kana mũndũrũme
wa mũtumia ũcio,6,Andũ a mũciĩ wa mũtumia ũcio moigaga atĩ ndarĩ oimire mũciĩ kwa ihinda rĩa mĩaka 25.
na mũthuriwe,6,"Mũtumia ũmwe na mũthuriwe nĩ maathire kiromita ngiri inyanya nĩguo 'marũithie' mũthoniwe wao, ũguo nĩguo thigari cia Florida ciugĩte."
mũtumia ũcio wa,6,Mũtumia ũcio wa Carter nĩ aaheirũo wĩyathi wa gwĩthuurĩra.
mwarĩ wa nyina nĩ,6,"Ithe na mwarĩ wa nyina nĩ maraugire matigĩkua ngoro,mena mwĩhoko nĩ egũcoka"
atumia mena,6,Rwanda nĩ yũkĩte na njĩra cia kwĩruta cia atumia mena nda
mũtumia ũngĩ,6,Mũtumia ũngĩ wendagia indo kũng'ũng'ũrĩka na kuga ena mĩaka ikũmi na ĩtano thĩiniĩ wa wĩra ũcio.
mwanake wakwa,6,Ndaikarire ngĩcaragia mwanake wakwa mweri mũgima no ndiamuonire.
gũkĩra arũme,6,"Kaingĩ arũme arĩa makoragwo na mũrimũ wa 48,XXYY makoragwo marĩ arũgamu gũkĩra arũme a riika rĩao."
mũndũ mũrũme,6,Kaingĩ mũndũ mũrũme ahota kwaga kuona wega arĩ na mĩaka mĩrongo ĩtano kana mĩrongo ĩtandatũ.
atumia cirateithia,6,Ikundi cia atumia cirateithia ciana.
cia atumia cirateithia,6,Ikundi cia atumia cirateithia ciana.
ikundi cia atumia cirateithia,6,Ikundi cia atumia cirateithia ciana.
na atumia harĩ,6,"ĩhinda-inĩ o rĩu, riboti ĩyo nĩ yonanirie ngũrani ya arũme na atumia harĩ gĩthomo kĩa naihenya, kũrĩa airĩtu aingĩ makoragwo na mathĩna ma gĩthomo kĩa naihenya, kuuma harĩ kũgĩa na indo cia gĩthomo nginya harĩ kũhĩngĩcwo kwa arĩa mareruta."
mũtumia wa mũrũ,6,"Oigire atĩ mwaka ũmwe mĩhĩtũku nĩrĩo Nekesa, mũtumia wa mũrũ wa nyina, hamwe na mũthuriwe mookire na makiuga atĩ mũgũnda ũcio nĩ wao."
mũtumia wa mũrũ wa,6,"Oigire atĩ mwaka ũmwe mĩhĩtũku nĩrĩo Nekesa, mũtumia wa mũrũ wa nyina, hamwe na mũthuriwe mookire na makiuga atĩ mũgũnda ũcio nĩ wao."
nĩ mũthuri wake,6,"Atongoria a borithi marĩ gũkũ kũhingia watho wa kũingata mũtumia wa ndigwa kuuma mũgũnda-inĩ ũrĩa oigaga atĩ wagũrirũo nĩ mũthuri wake, Fedelis Wabwire, itũũra-inĩ rĩa Oruba Keyo, kaunti-inĩ ya Migori, mĩaka mĩrongo  ĩrĩ na ĩtano mĩhĩtũku."
cia atumia na,6,"Timũ cia kenya iria cihotete kũingĩra mathako maya nĩ timũ ya  rugby ya bũrũri cia atumia na arũme - shujaa na lioness , timũ ya bũrũri ya atumia ya mũthalo wa.....-malkia- , atengeri, ....na timũ cia kũratha."
mwanake na,6,Matingĩetĩkĩrire atĩ mwanake na mũirĩtu no makorũo na ũrata ta ũcio.
nyina wa mwana,6,Mũigana wa maita ma gũthecwo njanjo ĩno ya mwana maringanaga na njanjo iria nyina wa mwana athecetwo
mũtumia na ciana,6,Atigire mũtumia na ciana inya iria ciathiaga cukuru cia mũthingi na cia sekondarĩ.
na mũthuri ũcio,6,"Ũmwe arĩ na mĩaka ikũmi na inyanya na ikũmi na kenda,  hamwe na mũthuri na mũtumia, mwarĩ wa nyina na mũthuri ũcio."
atumia marabatara,6,Maũndũ ma ihooto cia atumia marabatara ũritũ.
mũtumia clinton,6,Mũhunjia TB Joshua arathĩte atĩ mũtumia Clinton nĩ egũtoria gĩthurano-inĩ kĩa ũtongoria wa bũrũri wa Amerika
arathĩte atĩ mũtumia,6,Mũhunjia TB Joshua arathĩte atĩ mũtumia Clinton nĩ egũtoria gĩthurano-inĩ kĩa ũtongoria wa bũrũri wa Amerika
atĩ mũtumia clinton,6,Mũhunjia TB Joshua arathĩte atĩ mũtumia Clinton nĩ egũtoria gĩthurano-inĩ kĩa ũtongoria wa bũrũri wa Amerika
mũtumia clinton nĩ,6,Mũhunjia TB Joshua arathĩte atĩ mũtumia Clinton nĩ egũtoria gĩthurano-inĩ kĩa ũtongoria wa bũrũri wa Amerika
joshua arathĩte atĩ mũtumia,6,Mũhunjia TB Joshua arathĩte atĩ mũtumia Clinton nĩ egũtoria gĩthurano-inĩ kĩa ũtongoria wa bũrũri wa Amerika
arathĩte atĩ mũtumia clinton,6,Mũhunjia TB Joshua arathĩte atĩ mũtumia Clinton nĩ egũtoria gĩthurano-inĩ kĩa ũtongoria wa bũrũri wa Amerika
atĩ mũtumia clinton nĩ,6,Mũhunjia TB Joshua arathĩte atĩ mũtumia Clinton nĩ egũtoria gĩthurano-inĩ kĩa ũtongoria wa bũrũri wa Amerika
mũtumia clinton nĩ egũtoria,6,Mũhunjia TB Joshua arathĩte atĩ mũtumia Clinton nĩ egũtoria gĩthurano-inĩ kĩa ũtongoria wa bũrũri wa Amerika
tb joshua arathĩte atĩ mũtumia,6,Mũhunjia TB Joshua arathĩte atĩ mũtumia Clinton nĩ egũtoria gĩthurano-inĩ kĩa ũtongoria wa bũrũri wa Amerika
joshua arathĩte atĩ mũtumia clinton,6,Mũhunjia TB Joshua arathĩte atĩ mũtumia Clinton nĩ egũtoria gĩthurano-inĩ kĩa ũtongoria wa bũrũri wa Amerika
arathĩte atĩ mũtumia clinton nĩ,6,Mũhunjia TB Joshua arathĩte atĩ mũtumia Clinton nĩ egũtoria gĩthurano-inĩ kĩa ũtongoria wa bũrũri wa Amerika
atĩ mũtumia clinton nĩ egũtoria,6,Mũhunjia TB Joshua arathĩte atĩ mũtumia Clinton nĩ egũtoria gĩthurano-inĩ kĩa ũtongoria wa bũrũri wa Amerika
mũtumia clinton nĩ egũtoria gĩthurano,6,Mũhunjia TB Joshua arathĩte atĩ mũtumia Clinton nĩ egũtoria gĩthurano-inĩ kĩa ũtongoria wa bũrũri wa Amerika
atumia cii,6,"O na kũrĩ ũguo, atongori angĩ nĩ moigire atĩ nĩ megũthiĩ na mbere kũrũmĩrĩra watho wa kũgiria andũ kũhumba nguo cia gũthambĩra cia atumia ciĩtagwo burkini. "
gũthambĩra cia atumia,6,"O na kũrĩ ũguo, atongori angĩ nĩ moigire atĩ nĩ megũthiĩ na mbere kũrũmĩrĩra watho wa kũgiria andũ kũhumba nguo cia gũthambĩra cia atumia ciĩtagwo burkini. "
cia atumia cii,6,"O na kũrĩ ũguo, atongori angĩ nĩ moigire atĩ nĩ megũthiĩ na mbere kũrũmĩrĩra watho wa kũgiria andũ kũhumba nguo cia gũthambĩra cia atumia ciĩtagwo burkini. "
atumia cii tagwo,6,"O na kũrĩ ũguo, atongori angĩ nĩ moigire atĩ nĩ megũthiĩ na mbere kũrũmĩrĩra watho wa kũgiria andũ kũhumba nguo cia gũthambĩra cia atumia ciĩtagwo burkini. "
cia gũthambĩra cia atumia,6,"O na kũrĩ ũguo, atongori angĩ nĩ moigire atĩ nĩ megũthiĩ na mbere kũrũmĩrĩra watho wa kũgiria andũ kũhumba nguo cia gũthambĩra cia atumia ciĩtagwo burkini. "
gũthambĩra cia atumia cii,6,"O na kũrĩ ũguo, atongori angĩ nĩ moigire atĩ nĩ megũthiĩ na mbere kũrũmĩrĩra watho wa kũgiria andũ kũhumba nguo cia gũthambĩra cia atumia ciĩtagwo burkini. "
cia atumia cii tagwo,6,"O na kũrĩ ũguo, atongori angĩ nĩ moigire atĩ nĩ megũthiĩ na mbere kũrũmĩrĩra watho wa kũgiria andũ kũhumba nguo cia gũthambĩra cia atumia ciĩtagwo burkini. "
atumia cii tagwo burkini,6,"O na kũrĩ ũguo, atongori angĩ nĩ moigire atĩ nĩ megũthiĩ na mbere kũrũmĩrĩra watho wa kũgiria andũ kũhumba nguo cia gũthambĩra cia atumia ciĩtagwo burkini. "
nguo cia gũthambĩra cia atumia,6,"O na kũrĩ ũguo, atongori angĩ nĩ moigire atĩ nĩ megũthiĩ na mbere kũrũmĩrĩra watho wa kũgiria andũ kũhumba nguo cia gũthambĩra cia atumia ciĩtagwo burkini. "
cia gũthambĩra cia atumia cii,6,"O na kũrĩ ũguo, atongori angĩ nĩ moigire atĩ nĩ megũthiĩ na mbere kũrũmĩrĩra watho wa kũgiria andũ kũhumba nguo cia gũthambĩra cia atumia ciĩtagwo burkini. "
gũthambĩra cia atumia cii tagwo,6,"O na kũrĩ ũguo, atongori angĩ nĩ moigire atĩ nĩ megũthiĩ na mbere kũrũmĩrĩra watho wa kũgiria andũ kũhumba nguo cia gũthambĩra cia atumia ciĩtagwo burkini. "
cia atumia cii tagwo burkini,6,"O na kũrĩ ũguo, atongori angĩ nĩ moigire atĩ nĩ megũthiĩ na mbere kũrũmĩrĩra watho wa kũgiria andũ kũhumba nguo cia gũthambĩra cia atumia ciĩtagwo burkini. "
harĩ airĩtu na atumia,5,Nĩ gĩkĩro kĩrĩkũ arĩa mathondekaga mawatho bũrũri-inĩ wa Kenya mahotete kũheana kana kũhũthĩra ũhoro wa bata nĩguo kũgĩe na ũiguano na kũiguithania maũndũ ma gĩthomo harĩ airĩtu na atumia?
atumia angi,5,Nĩndĩramenyire nĩ kwarĩ na atumia angi Kenda arĩa mararĩ na ngwatanĩro ya wendo.
wa mwana na nyina,5,Heana cionereria cia kuonania ũgima wa  mwĩrĩ wa mwana na nyina
igana kĩa atumia,5,Gĩcunjĩ gĩa ikũmi na ithano harĩ igana kĩa atumia a mĩaka ikũmi na ĩtano nginyagia ikũmi na kenda managĩa nda
kĩa atumia a,5,Gĩcunjĩ gĩa ikũmi na ithano harĩ igana kĩa atumia a mĩaka ikũmi na ĩtano nginyagia ikũmi na kenda managĩa nda
harĩ igana kĩa atumia,5,Gĩcunjĩ gĩa ikũmi na ithano harĩ igana kĩa atumia a mĩaka ikũmi na ĩtano nginyagia ikũmi na kenda managĩa nda
atumia a mĩaka ikũmi,5,Gĩcunjĩ gĩa ikũmi na ithano harĩ igana kĩa atumia a mĩaka ikũmi na ĩtano nginyagia ikũmi na kenda managĩa nda
atumia a mĩaka ikũmi na,5,Gĩcunjĩ gĩa ikũmi na ithano harĩ igana kĩa atumia a mĩaka ikũmi na ĩtano nginyagia ikũmi na kenda managĩa nda
atumia ana,5,Makĩria ma atumia ana harĩ ikũmi arĩa marĩ kĩhiko inĩ n ĩmarenda kũnyihia kũgĩa ciana
atumia arĩa marĩ kĩhiko,5,Gĩcunjĩ kĩa mĩrongo ĩtandatũ na ithatũ harĩ igana kĩa atumia arĩa marĩ kĩhiko inĩ nĩmatũmagĩra njĩra cia kũgiria kuoha nda gĩcunjĩ kĩa mĩrongo ĩtano  na mũgwanja gĩgĩtũmĩra njĩra cia kĩĩrĩu
kĩa atumia arĩa marĩ kĩhiko,5,Gĩcunjĩ kĩa mĩrongo ĩtandatũ na ithatũ harĩ igana kĩa atumia arĩa marĩ kĩhiko inĩ nĩmatũmagĩra njĩra cia kũgiria kuoha nda gĩcunjĩ kĩa mĩrongo ĩtano  na mũgwanja gĩgĩtũmĩra njĩra cia kĩĩrĩu
atumia arĩa marĩ kĩhiko inĩ,5,Gĩcunjĩ kĩa mĩrongo ĩtandatũ na ithatũ harĩ igana kĩa atumia arĩa marĩ kĩhiko inĩ nĩmatũmagĩra njĩra cia kũgiria kuoha nda gĩcunjĩ kĩa mĩrongo ĩtano  na mũgwanja gĩgĩtũmĩra njĩra cia kĩĩrĩu
mũigana wa atumia,5,Athomi a sayansi kuuma Bũrũri wa Austria moigaga atĩ mũigana wa atumia arĩa makuaga hĩndĩ ya gũciara nĩ ũnyihĩte nĩ ũndũ wa gũciara na njĩra ya gũthĩnjwo
mũthuri ti samatta,5,Mũthuri ti Samatta: mashabĩki ake a mũciĩ kũũrĩa Mbagala marauga atia?
kwĩ mũtumia,5,"Rita rĩmwe he matatũ, thĩna wa kwaga kũgĩa mwana nĩ wonekanaga umĩte kwĩ mũtumia."
rwa mũtumia,5,Mũrimũ wa malarĩa ũrehagwo nĩ rwagĩ rwa mũtumia nĩruo Anophele
mũthuri waku,5,Ũyũ nĩwe mũthuri waku?
harĩ mwana na nyina,5,kuongithia mwana ithaa rĩa mbere aciarũo nĩkũega harĩ mwana na nyina
kĩa atumia na,5,Gĩcunjĩ kĩa atumia na arũme a mĩaka ikũmi na ĩtano nginya mĩrongo ĩna na kenda kĩa arĩa manaigua ũhoro wa mũrimũ wa mahũri
ka arũme na,5,Ũigananĩru gatagatĩ ka arũme na atumia ũratũma atumia na arũme manyitanĩre makĩria maũndũ-inĩ ma itũũra.
ka arũme na atumia,5,Ũigananĩru gatagatĩ ka arũme na atumia ũratũma atumia na arũme manyitanĩre makĩria maũndũ-inĩ ma itũũra.
atĩ mũtumia wa,5,Ũũ nĩ ũira waku atĩ mũtumia wa mũtongoria nĩ we akoretwo agĩtongoria maũndũ ma kauntĩ.
ũritũ wa atumia,5,ũũ ũrehaga ũritũ wa atumia kwaga kũnyitanĩra harĩ ũrĩmi.
wa atumia kwaga,5,ũũ ũrehaga ũritũ wa atumia kwaga kũnyitanĩra harĩ ũrĩmi.
atumia kwaga kũnyitanĩra,5,ũũ ũrehaga ũritũ wa atumia kwaga kũnyitanĩra harĩ ũrĩmi.
ũrehaga ũritũ wa atumia,5,ũũ ũrehaga ũritũ wa atumia kwaga kũnyitanĩra harĩ ũrĩmi.
ũritũ wa atumia kwaga,5,ũũ ũrehaga ũritũ wa atumia kwaga kũnyitanĩra harĩ ũrĩmi.
wa atumia kwaga kũnyitanĩra,5,ũũ ũrehaga ũritũ wa atumia kwaga kũnyitanĩra harĩ ũrĩmi.
atumia kwaga kũnyitanĩra harĩ,5,ũũ ũrehaga ũritũ wa atumia kwaga kũnyitanĩra harĩ ũrĩmi.
ũũ ũrehaga ũritũ wa atumia,5,ũũ ũrehaga ũritũ wa atumia kwaga kũnyitanĩra harĩ ũrĩmi.
ũrehaga ũritũ wa atumia kwaga,5,ũũ ũrehaga ũritũ wa atumia kwaga kũnyitanĩra harĩ ũrĩmi.
ũritũ wa atumia kwaga kũnyitanĩra,5,ũũ ũrehaga ũritũ wa atumia kwaga kũnyitanĩra harĩ ũrĩmi.
wa atumia kwaga kũnyitanĩra harĩ,5,ũũ ũrehaga ũritũ wa atumia kwaga kũnyitanĩra harĩ ũrĩmi.
atumia kwaga kũnyitanĩra harĩ ũrĩmi,5,ũũ ũrehaga ũritũ wa atumia kwaga kũnyitanĩra harĩ ũrĩmi.
na mũrũ wa nyina,5,"Ningĩ nĩ kuonekire atĩ Robert Mwangi, mũthuri wa Mwangi na mũrũ wa nyina na mũtigaireKimani, nĩ aahutirio nĩ ũici ũcio tondũ biacara yake ya njohi nĩ yathũire."
ngomanio cia arũme,5,Andũ arĩa mareganaga na watho wa gwĩtĩkĩria ngomanio cia arũme kwa arũme na andũ a ndũrĩrĩ ingĩ thĩinĩ wa Taiwan
ngomanio cia arũme kwa,5,Andũ arĩa mareganaga na watho wa gwĩtĩkĩria ngomanio cia arũme kwa arũme na andũ a ndũrĩrĩ ingĩ thĩinĩ wa Taiwan
ngomanio cia arũme kwa arũme,5,Andũ arĩa mareganaga na watho wa gwĩtĩkĩria ngomanio cia arũme kwa arũme na andũ a ndũrĩrĩ ingĩ thĩinĩ wa Taiwan
harĩ mũtumia,5,Gũthuthũka kũu kwa mĩĩrĩ gũkoragwo kũrĩ kwa ũhũthũ harĩ mũtumia kũruta nda.
mũndũrũme na,5,Thutha wa macĩra maiganona ena mĩaka ikũmi na kenda Abade nĩatuire gũtuika mũndũrũme na akĩyĩta Jimi.
nĩ ĩteithagia atumia,5,Oigaga atĩ mĩtugo ĩyo nĩ ĩteithagia atumia mĩrũrĩinĩ ya mahĩndĩ.
wa mwanake,5,Ũkuona atĩa ũvoro wa mwanake kũgĩa na njuĩrĩ ndaaya?
mũndũrũme wa,5,"Kĩmako kĩhana atia, mũndũrũme wa kĩroto"
atumia aingĩ na,5,Nĩ harĩ ndũrĩrĩ iria cihikagia atumia aingĩ na ũhotekeku mũnene ciana ciao kũgaya mathina macio
nyina erĩ,5,Nekesa oigaga atĩ mũgũnda ũcio nĩ wake na atĩ nyina na ariũ a nyina erĩ nĩ maathikirũo ho.
a nyina erĩ,5,Nekesa oigaga atĩ mũgũnda ũcio nĩ wake na atĩ nyina na ariũ a nyina erĩ nĩ maathikirũo ho.
na ariũ a nyina,5,Nekesa oigaga atĩ mũgũnda ũcio nĩ wake na atĩ nyina na ariũ a nyina erĩ nĩ maathikirũo ho.
mũtumia wakwa nĩ,5,Mũtumia wakwa nĩ arohire nda 
kũheana mũkaana,5,Kimani kũheana mũkaana kũrĩ Iran atĩ 'ndĩkagerie Amerika'
aarĩ a nyina,5,mwanake ũmwe wa mĩaka ikũmi na inya nĩ gũteretha  na kũnyita aarĩ a nyina erĩ hanwe na endwa acio erĩ na mwarĩ wa nyina na mũhikania
mũtumia wa mũthamaki,5,Ũtukũ wa mbere wamũrĩtwo ũrĩ wamwanya kũrĩ mũtumia wa mũthamaki
maitu nĩ,5,Maitũ nĩ arugĩte irio
mũthuri wakwa nĩ,5,Mũthuri wakwa nĩ mũrũaru mũno
atumia erĩ,5,"Ona kũrĩ ũguo, nĩ kũĩkane nĩ atiganire na atumia erĩ."
mũtumia gbv,5,"Nĩ ũndũ wa maũndũ megiĩ Ũhinya wa Mũthuri kana Mũtumia (GBV), kũhingũrwo gwa thimũ ya gũteithĩrĩria bũrũri wotheya kwaranĩria na andũ ya kũhũrana na Ũhinya wa Mũthuri kana Mũtumia (GBV) namba ikũmi na ĩmwe mĩrongo kenda na ĩtano. Hamwe na thimũ ya gũteithĩrĩria bũrũri wotheya kwaranĩria na andũ ya kũhũrana maũndũ ma ciana kũnyarirwo gwa ciana (ChildLine Kenya) namba ĩmwe ĩmwe ithathatũ."
kana mũtumia gbv,5,"Nĩ ũndũ wa maũndũ megiĩ Ũhinya wa Mũthuri kana Mũtumia (GBV), kũhingũrwo gwa thimũ ya gũteithĩrĩria bũrũri wotheya kwaranĩria na andũ ya kũhũrana na Ũhinya wa Mũthuri kana Mũtumia (GBV) namba ikũmi na ĩmwe mĩrongo kenda na ĩtano. Hamwe na thimũ ya gũteithĩrĩria bũrũri wotheya kwaranĩria na andũ ya kũhũrana maũndũ ma ciana kũnyarirwo gwa ciana (ChildLine Kenya) namba ĩmwe ĩmwe ithathatũ."
mũthuri kana mũtumia gbv,5,"Nĩ ũndũ wa maũndũ megiĩ Ũhinya wa Mũthuri kana Mũtumia (GBV), kũhingũrwo gwa thimũ ya gũteithĩrĩria bũrũri wotheya kwaranĩria na andũ ya kũhũrana na Ũhinya wa Mũthuri kana Mũtumia (GBV) namba ikũmi na ĩmwe mĩrongo kenda na ĩtano. Hamwe na thimũ ya gũteithĩrĩria bũrũri wotheya kwaranĩria na andũ ya kũhũrana maũndũ ma ciana kũnyarirwo gwa ciana (ChildLine Kenya) namba ĩmwe ĩmwe ithathatũ."
cia atumia no,5,"Kũrĩ na ũhoro ũrĩa wagĩrĩire na ũteithio ũrĩa wagĩrĩire, ithondeka cia atumia no ikorũo na moimĩrĩro mega harĩ ũhotekeku wa airĩtu wa kwĩruta"
kũrũgamĩrĩra ihooto cia atumia,5,Ũndũ ũyũ nĩ wa bata mũno harĩ ikundi iria ciĩyumĩririe cia kĩmũciĩ cia kũrũgamĩrĩra ihooto cia atumia.
cia kũrũgamĩrĩra ihooto cia atumia,5,Ũndũ ũyũ nĩ wa bata mũno harĩ ikundi iria ciĩyumĩririe cia kĩmũciĩ cia kũrũgamĩrĩra ihooto cia atumia.
atumia cia,5,"Ũhoro no ũcookanĩrĩrio kaingĩ nĩ ũndũ wa maũndũ mangĩ ta kũheana indo cia atumia cia kũhũthĩra hĩndĩ ya igongona rĩa mweri, gũthondeka nyũmba cia cukuru, kũheana mabuku ma gũthoma, na kũheana ũteithio wa gĩthomo."
na atumia na,5,"Na kwoguo, ũhoro ũrĩa ũrĩ ho ndũhotaga gũtaarĩria maũndũ marĩa magũmĩire airĩtu na atumia, na makĩria maũndũ-inĩ ma gĩthomo."
o mũtumia,5,"Mwaka-inĩ wa ngiri ĩmwe na magana kenda na mĩrongo ĩtano, atumia maaciaraga ciana irĩ na mũigana wa 4.6 harĩ o mũtumia ũtũũro-inĩ wao."
harĩ o mũtumia,5,"Mwaka-inĩ wa ngiri ĩmwe na magana kenda na mĩrongo ĩtano, atumia maaciaraga ciana irĩ na mũigana wa 4.6 harĩ o mũtumia ũtũũro-inĩ wao."
mũtumia wĩna,5,Niĩ ndĩ mũtumia wĩna mĩri ya Tanzania na Burudi na mũthuri wakwa nĩ Mũganda.
na mũka,5,Riyard Mahlez na mũka Rita maathĩtũo kũrĩha mũruti wao wa wĩra wa gatene 
mũtongoria mũtumia,5,Catherine Mwikali nĩwe mũtongoria mũtumia ũrĩa watongoririe Russia ihinda iraya mũno.
arũme na atumia harĩ,5,"ĩhinda-inĩ o rĩu, riboti ĩyo nĩ yonanirie ngũrani ya arũme na atumia harĩ gĩthomo kĩa naihenya, kũrĩa airĩtu aingĩ makoragwo na mathĩna ma gĩthomo kĩa naihenya, kuuma harĩ kũgĩa na indo cia gĩthomo nginya harĩ kũhĩngĩcwo kwa arĩa mareruta."
na atumia arĩa marĩ,5,"Kaunti cia Bungoma, Kakamega, Busia na Vihiga o nacio nĩ ikoretwo ikĩhiũrania na mũrimũ mwerũ wa malaria gatagatĩ ka ciana cia mĩaka ĩtano na atumia arĩa marĩ na nda."
atumia thĩ,5,"Rĩũ aigĩte mwerekera wake kũhotana thabarĩ ya mashidano ma kĩũngano gĩa kĩmabũrũri gĩa mũthako wa tennis w,a atumia thĩ ngima."
mũkawa ũcio nĩ,5,Mũkawa ũcio nĩ wa Mwangi.
gĩkundi kĩa atumia,5,Gĩkundi kĩa atumia nĩ gĩthiĩte igoti-inĩ.
kĩa atumia nĩ,5,Gĩkundi kĩa atumia nĩ gĩthiĩte igoti-inĩ.
atumia marĩ na nda,5,Njanjo ya tetenas nĩ-ĩthecagwo atumia marĩ na nda nĩguo kũrigĩrĩria ikuũ cia ciana ta ũrĩa kũrĩ mabũrũri inĩ maingi
harĩ nyina,5,Ũrori mwega wa thutha wa gũciara harĩ nyina na mwana nĩ mwega nĩũndũ wa mathĩna mangĩkorũo maũmanĩte na gũciara
harĩ arũme na,5,Ũmenyo wa ũruithia ũyũ harĩ arũme na atumia
harĩ arũme na atumia,5,Ũmenyo wa ũruithia ũyũ harĩ arũme na atumia
ya atumia marĩ,5,Njĩra ya kũĩgitĩra malaria ya atumia marĩ na nda ĩrĩa ĩheagwo atumia rĩrĩa mathiĩ kwamũkĩra ũrori wa ũrĩa mwana arathiĩ na mbele
arĩ mũtumia,5,"Nyĩmbo no ciahunjĩrio andũ aingĩ kũgerera rendio no VOK(rĩu nĩ KBC) gĩthomo kĩa gĩthũngũ, kĩarĩ na nyĩmbo nyingĩ cia rũraya na ibindi itarĩ na bata nĩcio breakfast club, lunch time music,  beat time, Sundowner na late date according to Elizabeth Omollo, ũrĩa arĩ mũtumia wa mbere gũtangatha mweri-inĩ wa Dicemba 1970."
nĩ mũndũrũme,5,ũũ nĩ kuonania meciria kũringana kana nĩ mũndũrũme kana mũtumia.
e mũthuri kana,5,Mwerekera ngũrani wa Tekinoronjĩ ya Githomo na ngũrani cia gũkorwo mũndũ e-mũthuri kana e-mũtumia tumia kũgĩa na ũguni wa kũhũthĩra Tekinoronjĩ ya Gĩthomo.
mũthuri kana e,5,Mwerekera ngũrani wa Tekinoronjĩ ya Githomo na ngũrani cia gũkorwo mũndũ e-mũthuri kana e-mũtumia tumia kũgĩa na ũguni wa kũhũthĩra Tekinoronjĩ ya Gĩthomo.
kana e mũtumia,5,Mwerekera ngũrani wa Tekinoronjĩ ya Githomo na ngũrani cia gũkorwo mũndũ e-mũthuri kana e-mũtumia tumia kũgĩa na ũguni wa kũhũthĩra Tekinoronjĩ ya Gĩthomo.
e mũthuri kana e,5,Mwerekera ngũrani wa Tekinoronjĩ ya Githomo na ngũrani cia gũkorwo mũndũ e-mũthuri kana e-mũtumia tumia kũgĩa na ũguni wa kũhũthĩra Tekinoronjĩ ya Gĩthomo.
mũthuri kana e mũtumia,5,Mwerekera ngũrani wa Tekinoronjĩ ya Githomo na ngũrani cia gũkorwo mũndũ e-mũthuri kana e-mũtumia tumia kũgĩa na ũguni wa kũhũthĩra Tekinoronjĩ ya Gĩthomo.
e mũthuri kana e mũtumia,5,Mwerekera ngũrani wa Tekinoronjĩ ya Githomo na ngũrani cia gũkorwo mũndũ e-mũthuri kana e-mũtumia tumia kũgĩa na ũguni wa kũhũthĩra Tekinoronjĩ ya Gĩthomo.
mũkawa ũcĩo,5,thutha wa kũhingũra mũkawa ũcĩo gũtirĩ mũndũ ũrathiĩ kuo
mũkawa ũrĩa wĩna,5,Mũkawa ũrĩa wĩna aruti a wĩra ega mũno
mũtumia ena,5,Mũtumia ena kĩeha nĩũndũ wa kurwara.
mũkana ũcio,5,gũtire kũranĩrĩrwo nĩrĩ mũkana ũcio ũgũkinya mũico
wa kũhikia mũtumia,5,Mũndũrũme ũmwe gũikio njera mĩeri itandatũ nĩ ũndũ wa kũhikia mũtumia wa kerĩ bũrũri-inĩ wa Pakistan
mũtumia wa kerĩ,5,Mũndũrũme ũmwe gũikio njera mĩeri itandatũ nĩ ũndũ wa kũhikia mũtumia wa kerĩ bũrũri-inĩ wa Pakistan
harry na mũtumia,5,Andũ a mũciĩ wa mũthamaki 'nĩ maiguite ũũru mũno' nĩ ũndũ wa Prince Harry na mũtumia wake gũtua itua rĩa  gũikara andũ a kawaida.
harry na mũtumia wake,5,Andũ a mũciĩ wa mũthamaki 'nĩ maiguite ũũru mũno' nĩ ũndũ wa Prince Harry na mũtumia wake gũtua itua rĩa  gũikara andũ a kawaida.
na mũtumia wake nĩ,5,Mũthamaki Harry na mũtumia wake nĩ marerutanĩria kwĩyamũrania na andũ a nyũmba ya ũthamaki.
mũtumia wake wa mbere sami,5,"Mũtumia wake wa mbere, Sami, aarĩ wa bũrũri wa Ghana."
mũkararia mũnene,5,Onekaga ta arĩ mũkararia mũnene wa tharĩkĩro ya Amerika ya Iraq mwaka wa ngiri igĩrĩ na ithatũ.
mũkararia mũnene wa,5,Onekaga ta arĩ mũkararia mũnene wa tharĩkĩro ya Amerika ya Iraq mwaka wa ngiri igĩrĩ na ithatũ.
kũhe atumia,5,"""Tũrenda kũhe atumia arĩa atungũ ngoro ya kwĩĩtĩkia atĩ onao nĩ athaka""."
magũrũ wa atumia,5,Moriba nĩarĩ athakĩra timũ ya mũbira wa magũrũ wa atumia kũrĩa bũrũri wa Guinea
wa magũrũ wa atumia,5,Moriba nĩarĩ athakĩra timũ ya mũbira wa magũrũ wa atumia kũrĩa bũrũri wa Guinea
atumia gũkorwo,5,No kũhotekeke arũme na atumia gũkorwo me timu ĩmwe ?
ya mũthuri ũrĩa,5,Mũthamaki nĩarigirwo nĩ mĩtugo ya Mũthuri ũrĩa.
akĩmwĩra mwanake,5,No mũico akĩmwĩra mwanake ũcio atĩ nĩangiahotire kũmũhe wĩra.
nyina wake,5,Juma ningĩ nĩ eendete kũruga na nyina wake.
na atumia marabatara,5,Athuri na atumia marabatara kũnyitanĩra ũndũ ũmwe.
athuri na atumia marabatara,5,Athuri na atumia marabatara kũnyitanĩra ũndũ ũmwe.
wa mwĩrĩ wa nyina,5,Menya ũgima wa mwĩrĩ wa nyina.
a arũme kana,4,Kamĩtĩ ya acoki a arũme kana atumia a arũme kana arũme a arũme kana airĩtu a arũme kana airĩtu a airĩtu a airĩtu a airĩtu a airĩtu a airĩtu a airĩtu a airĩtu a airĩtu a airĩtu a airĩtu a airĩtu a airĩtu a airĩtu a airĩtu a airĩtu a airĩtu a airĩtu a airĩtu a airĩtu a airĩtu a airĩtu a airĩtu a airĩtu a airĩtu a airĩtu a airĩtu a airĩtu a airĩtu a airĩtu a airĩtu a airĩtu a airĩtu a airĩtu a airĩtu a airĩtu a airĩtu a airĩtu a airĩtu a airĩtu a airĩtu.
atumia maũndũ,4,Kũrĩ na bata wa ũhoro mũtabanĩru wĩgiĩ airĩtu na atumia maũndũ-inĩ ma ũgwati
atumia maũndũ inĩ,4,Kũrĩ na bata wa ũhoro mũtabanĩru wĩgiĩ airĩtu na atumia maũndũ-inĩ ma ũgwati
gĩthomo harĩ airĩtu na atumia,4,Nĩ gĩkĩro kĩrĩkũ arĩa mathondekaga mawatho bũrũri-inĩ wa Kenya mahotete kũheana kana kũhũthĩra ũhoro wa bata nĩguo kũgĩe na ũiguano na kũiguithania maũndũ ma gĩthomo harĩ airĩtu na atumia?
ihooto cia atumia nĩ,4,"Kũringana na ũrĩa maũndũ matariĩ, ikundi iria irũagĩrĩra ihooto cia atumia nĩ ciagathĩrĩirio na igateithĩrĩrio nĩ andũ arĩa arĩa maacokirie ciũria ciao, na igĩkĩrĩrũo atĩ no itungatĩre harĩ kũheana ũira na gũcokanĩrĩria ũhoro."
ithondeka cia atumia,4,"Ithondeka cia atumia nĩ ciĩrũmbũyagia mũno maũndũ ma ũrigitani na rĩmwe na rĩmwe nĩ ciariganĩrũo nĩ maũndũ mangĩ ma bata marĩa atumia macemanagia namo ta gũthamĩrio mĩciĩ-inĩ yao, kwaga irio cia kũigana, kana ũthĩni."
atumia a afrika,4,Atumia a Afrika arĩa wagĩrĩirũo nĩ kũmenya ũhoro wao
arũme aingĩ,4,Ũndũ ũcio no ũtũteithie gũtaũkĩrũo kĩrĩa gĩtũmaga arũme aingĩ mende gũkorũo na ihiko itarĩ cia ndũire.
mũthuri ũyũ,4,"Nĩ ndamũririe , ni ũri wona mũthuri ũyũ?"
mũtumia arĩ,4,ũhotekeku wa kũgĩa ciana ũkoragwo ũrĩ igũrũ mũtumia arĩ mĩaka inĩ ya mĩrongo ĩĩrĩ na nginyagia ĩĩrĩ na inya na kuuma hau ĩkambĩrĩria gũcoka thĩ
mũigana wa atumia arĩa,4,Athomi a sayansi kuuma Bũrũri wa Austria moigaga atĩ mũigana wa atumia arĩa makuaga hĩndĩ ya gũciara nĩ ũnyihĩte nĩ ũndũ wa gũciara na njĩra ya gũthĩnjwo
atĩ mũtumia wake,4,"O na kũrĩ ũguo, andũ amwe nĩ maroiga atĩ mũtumia wake nĩ mũriũ wa Charlo Mũhute, ũrĩa warĩ mwandĩki wa gĩkundi kĩrĩa kĩarĩ thirikari-inĩ."
ta mũndũrũme,4,Ta mũndũrũme nĩngũranĩte mweke wa atumia na njĩra nene mũno
mũtumia no,4,Ũngĩkoro wĩ mũtumia  no wĩigue ruo rũritũ ihindainĩ riaku ria mweri.
matumbĩ ma mũtumia,4,Nĩ ũrigitani wa matumbĩ ma mũtumia na mbegũ cia mũthuri.
mũtumia ũngi,4,No kũhũthĩrwo mũtumia ũngi wa gũkua mwana.
atumia aingĩ mena,4,Atumia aingĩ mena mũrimũ wa fibroid no makue mwana owega.
kũrĩ mũthuri wakwa,4,Ta rora gathandũkũ gakwa ka marũa kuuma kũrĩ mũthuri wakwa.
mũtumia mũkũrũ,4,wahikia mũtumia mũkũrũ nĩ ũkũnoga
atumia arĩa matarĩ na,4,Gĩcunjĩ kĩa atumia arĩa matarĩ na nda na matiĩthecete na marĩ na uhoti wa kuoha nda
ũruithia wa atumia,4,Ũruithia wa atumia ũrĩ gĩcunjĩ kĩa ikũmi na ithano harĩ igana 
na arũme a,4,Gĩcunjĩ kĩa atumia na arũme a mĩaka ikũmi na ĩtano nginya mĩrongo ĩna na kenda kĩa arĩa manaigua ũhoro wa mũrimũ wa mahũri
atumia gũtwarithia,4,Atumia gũtwarithia mĩgithi ya kĩrĩu bũrũrinĩ wa Kenya.
atumia gũtwarithia mĩgithi,4,Atumia gũtwarithia mĩgithi ya kĩrĩu bũrũrinĩ wa Kenya.
atumia gũtwarithia mĩgithi ya,4,Atumia gũtwarithia mĩgithi ya kĩrĩu bũrũrinĩ wa Kenya.
atumia gũtwarithia mĩgithi ya kĩrĩu,4,Atumia gũtwarithia mĩgithi ya kĩrĩu bũrũrinĩ wa Kenya.
mũtumia aciara,4,Mũtumia aciara mwana wa kairĩtu.
atumia na andũ,4,Nĩ yonekaga kaingĩ kũrĩ atumia na andũ akũrũ. 
ihoto cia atumia,4,Mwangi nĩendete kũhotithia atumia na kũnyita gũoko ihoto cia atumia ona  gũtũĩka mĩtugo yake ndĩatwaranaga na kĩrĩa augaga nĩ arahũranĩra
kamwe mũkawaĩni,4,ĩtĩa kahũa kamwe mũkawaĩni wa starbucks 
kahũa kamwe mũkawaĩni,4,ĩtĩa kahũa kamwe mũkawaĩni wa starbucks 
kamwe mũkawaĩni wa,4,ĩtĩa kahũa kamwe mũkawaĩni wa starbucks 
mũkawaĩni wa starbucks,4,ĩtĩa kahũa kamwe mũkawaĩni wa starbucks 
ĩtĩa kahũa kamwe mũkawaĩni,4,ĩtĩa kahũa kamwe mũkawaĩni wa starbucks 
kahũa kamwe mũkawaĩni wa,4,ĩtĩa kahũa kamwe mũkawaĩni wa starbucks 
kamwe mũkawaĩni wa starbucks,4,ĩtĩa kahũa kamwe mũkawaĩni wa starbucks 
ĩtĩa kahũa kamwe mũkawaĩni wa,4,ĩtĩa kahũa kamwe mũkawaĩni wa starbucks 
kahũa kamwe mũkawaĩni wa starbucks,4,ĩtĩa kahũa kamwe mũkawaĩni wa starbucks 
atumia mabatiĩ,4,Atumia mabatiĩ kũheo mweke harĩ ũteti.
kĩhooto kĩa atumia,4,Ndini nĩ ĩteithagia gũkũria kĩhooto kĩa atumia na ciana.
na nyamũkano,4,Na magatũma kũgĩe na nyamũkano kĩgomano-inĩ.
na mũthuri ti,4,mũthenya wa kana no nginya njemanie na mũthuri ti juma thaa inyanya mũthenya ndagũthaitha kururĩra karenda-inĩ 
na atumia a ndigwa,4,Macũngĩrĩrio ma mbara cia kĩũteti nĩ gũkorwo na atumia a ndigwa
mũrũ wa nyina na,4,"Ningĩ nĩ kuonekire atĩ Robert Mwangi, mũthuri wa Mwangi na mũrũ wa nyina na mũtigaireKimani, nĩ aahutirio nĩ ũici ũcio tondũ biacara yake ya njohi nĩ yathũire."
arũme erĩ,4,"Faith arauga ũũ: ""Rĩrĩa twokĩrire, twonire kũrĩ na arũme erĩ nyũmba-inĩ ĩyo."
arũme arĩa mahikanĩtie na,4,Thirikari ya Amerika nĩ ĩhũthĩrĩte njĩra njũru mũno gũteithia arũme arĩa mahikanĩtie na arũme arĩa angĩ
kũrĩ na atumia,4,Kũrĩ na atumia aingĩ arigitani na aciarithania (ngiri ikũmi na ithano na Magana mana ma mĩrongo ĩĩrĩ na inyanya) ũkĩringithania na arũme (ngiri inya na Magana kenda ma mĩrongo ĩna na ithatũ)
atĩ nyina na,4,Nekesa oigaga atĩ mũgũnda ũcio nĩ wake na atĩ nyina na ariũ a nyina erĩ nĩ maathikirũo ho.
mũndũrũme ũmwe nĩ,4,Mũndũrũme ũmwe nĩ aakuhĩrĩirie metha yakwa
mũthuri wake nĩ,4,Mũthuri wake nĩ mũikamba.
arũme a rũrĩrĩ,4,Arũme a rũrĩrĩ rwaa gikũyu nĩ marĩmaga cai na kahũwa
ya mwanake,4,mĩtugo ya mwanake ũcio ti mĩega
na mũthuri wakwa,4,Nĩ ndonaga maũndũ makwa magĩthira ndĩ na mũthuri wakwa.
ni atumia,4,Wodi cia Manyatta ciciaragirwo ni atumia aa Kimaathai Kenya.
mũthuri mũrebi,4,Mũthuri mũrebi wa Cochrane niatigite thire mũnene mũno hindi ya gikuo giake.
mũthuri mũrebi wa,4,Mũthuri mũrebi wa Cochrane niatigite thire mũnene mũno hindi ya gikuo giake.
mũthuri mũrebi wa cochrane,4,Mũthuri mũrebi wa Cochrane niatigite thire mũnene mũno hindi ya gikuo giake.
mũthuri mũrebi wa cochrane niatigite,4,Mũthuri mũrebi wa Cochrane niatigite thire mũnene mũno hindi ya gikuo giake.
kũheana mũkaana kũrĩ,4,Kimani kũheana mũkaana kũrĩ Iran atĩ 'ndĩkagerie Amerika'
wanjiru na nyina,4,Igooti rĩa Rwanda rĩa rekereria wanjiru  na nyina waithera kagera  rĩkiuga atĩ matirĩ na mahĩtia
ma athuri na atumia,4,"Dagĩtarĩ  dorothy arĩ mũikarĩri gĩtĩ wa ũrigitani wa rũhonge rwa Ũgima wa Mwĩrĩ, ũthii wa na mbere wa mũingĩ, maũndũ ma athuri na atumia , akũrũ na Ciana."
nĩ mũkawa,4,Nĩndakũhoya ũnyandĩkĩre ndũmĩrĩri rũrenda-inī rũa tũita igũrũ rĩgiĩ ũtungata mũũru ũrĩa ũrutagwo nĩ  mũkawa wa kenchic 
atumia ta,4,"ũhotekeku wa gũcenjia kwa ihinda rĩa mweri kũrĩ atumia ta kũaga kũgĩa na ihinda rĩa mweri, nĩ ũndũ ũngĩ wa bata ũkoretwo ũgĩcũrania hĩndĩ ya uthuthuria ũcio."
na nyina wa,4,"Philomena Cherotich, wa mĩaka mĩrongo ĩthatu na ithatũ na nyina wa ciana ithatũ kuuma Pokot ya ithũĩro, akoretwo akĩhũthĩra ndawa cia kĩĩrĩu cia kũrigĩrĩria kũgĩa nda kwa ihinda rĩa mĩaka ĩna, ũndũ ũrĩa mũthuuri wake ataramenya."
na atumia nĩ,4,"Kũringana na Ũtungata wa Gĩthomo Kenya, ũigana wa arũme na atumia nĩ wongererekete ũgĩkinya gĩcunjĩ kĩa noti gaturumo kenda mũgwanja gĩthomo-inĩ kĩa mũthingi na gĩcunjĩ kĩa noti gaturumo kenda ithano gĩthomo-inĩ gĩa sekondarĩ."
harĩ atumia ethĩ,4,Tech Dada nĩ mũbango wa Thukuru wa Tunapanda ũrĩa ũkoragwo na muoroto wa gũtwarithia na mbere ũhũthĩri wa tekinoronjĩ cia mohoro harĩ atumia ethĩ Kenya.
kũruithio kwa atumia,4,(FGM) Kũruithio kwa Atumia (JFA) Ũrũmwe wa Ngwatanĩro
atumia fgm,4,"Thĩinĩ wa maũndũ ta macio, ũhũthĩri ũtagĩrĩire wa indo kũhũrana na maũndũ megiĩ Kũruithio kwa Atumia (FGM) handũ ha kũrũa na ũhũthĩri wa ndawa cia kũrebia."
cia atumia cia,4,"Ũhoro no ũcookanĩrĩrio kaingĩ nĩ ũndũ wa maũndũ mangĩ ta kũheana indo cia atumia cia kũhũthĩra hĩndĩ ya igongona rĩa mweri, gũthondeka nyũmba cia cukuru, kũheana mabuku ma gũthoma, na kũheana ũteithio wa gĩthomo."
arĩa maamũkararagia,4,"Moi, thutha wa kũremwo nĩ kũruta wathani mwaka wa ngiri ĩmwe na magana kenda ma mĩrongo ĩnana na ĩrĩ, nĩ aarũgamĩrĩire arĩa maamũkararagia."
mũtumia ũmwe wĩtagwo,4,"Mũtumia ũmwe wĩtagwo Anna, kuuma Brazil oigire ũũ: ""Rĩrĩa twambĩrĩirie kwĩruta Bibilia, tũtiamenyaga kũrĩa twathiĩte."
ya mũkawa,4,Tharĩkĩro ya ũcangiri Kenya. Nĩ ũndũũrĩkũwekĩkire hĩndĩ ya tharĩkĩra ya mũkawa wa Duciti D2 Nairobi?
mũtumia ũcio aarĩ,4,Mũtumia ũcio aarĩ na nda ya ciumia mĩrongo ĩtatũ na ithathatũ rĩrĩa ararathiruo.
mũtumia ũcio aarĩ na,4,Mũtumia ũcio aarĩ na nda ya ciumia mĩrongo ĩtatũ na ithathatũ rĩrĩa ararathiruo.
athuri na atumia no,4,Athuri na atumia no meke mĩtugo ĩno.
nĩ atumia na,4,Aingĩ ao nĩ atumia na ciana aria matangĩavotire gũteng'era na ivenya hamwe na andũ akũrũ.
ya arũme na,4,"Kũrĩ icigo iria ikoragwo na ũgucania mũnene wa arũme na atumia, mĩcemanio ya mwanya ya ithomo kana mĩbango ngũrani ya gũikara ya arũme na atumia nĩ yagĩrĩirũo kũrũmagĩrĩrũo."
arũme na atumia no,4,"Thĩinĩ wa ũndũ ũcio, arũme na atumia no makorũo na mũrimũ mũna."
atumia na athuuri,4,Jera ya Kamiti nĩ ya atumia na athuuri.
me mũtumia,4,Irio nduge na maguta maingĩ no citûme mũtumia aciare kana kanene?
mũtumia aciare,4,Irio nduge na maguta maingĩ no citûme mũtumia aciare kana kanene?
cit me mũtumia,4,Irio nduge na maguta maingĩ no citûme mũtumia aciare kana kanene?
me mũtumia aciare,4,Irio nduge na maguta maingĩ no citûme mũtumia aciare kana kanene?
mũtumia aciare kana,4,Irio nduge na maguta maingĩ no citûme mũtumia aciare kana kanene?
no cit me mũtumia,4,Irio nduge na maguta maingĩ no citûme mũtumia aciare kana kanene?
cit me mũtumia aciare,4,Irio nduge na maguta maingĩ no citûme mũtumia aciare kana kanene?
me mũtumia aciare kana,4,Irio nduge na maguta maingĩ no citûme mũtumia aciare kana kanene?
mũtumia aciare kana kanene,4,Irio nduge na maguta maingĩ no citûme mũtumia aciare kana kanene?
